Survived,Pclass,Sex,Age,SibSp,Parch,Fare,HasCabin,FamilySize,IsAlone,Embarked_Q,Embarked_S,Title_Miss,Title_Mr,Title_Mrs,Title_Rare,Deck_B,Deck_C,Deck_D,Deck_E,Deck_F,Deck_G,Deck_T,Deck_Unknown
0,3,0,-0.5292047224968899,1,0,-0.8415091951021839,0,0.059159876663617626,0,False,True,False,True,False,False,False,False,False,False,False,False,False,True
1,1,1,0.6574473880901118,1,0,2.0194685842347457,1,0.059159876663617626,0,False,False,False,False,True,False,False,True,False,False,False,False,False,False
1,3,1,-0.23254169485013945,0,0,-0.8088053847541327,0,-0.5609748304808925,1,False,True,True,False,False,False,False,False,False,False,False,False,False,True
1,1,1,0.43495011735504896,1,0,1.3799274040950766,1,0.059159876663617626,0,False,True,False,False,True,False,False,True,False,False,False,False,False,False
0,3,0,0.43495011735504896,0,0,-0.8027491235785675,0,-0.5609748304808925,1,False,True,False,True,False,False,False,False,False,False,False,False,False,True
0,3,0,-0.23254169485013945,0,0,-0.7829669520747019,0,-0.5609748304808925,1,True,False,False,True,False,False,False,False,False,False,False,False,False,True
0,1,0,1.8440994986771135,0,0,1.3199704184569823,1,-0.5609748304808925,1,False,True,False,True,False,False,False,False,False,True,False,False,False,False
0,3,0,-2.012519860730642,3,1,-0.17168670908468942,0,1.9195639980971482,0,False,True,False,False,False,False,False,False,False,False,False,False,False,True
1,3,1,-0.15837593793845184,0,2,-0.6533629629176099,0,0.6792945838081278,0,False,True,False,False,True,False,False,False,False,False,False,False,False,True
1,2,1,-1.1225307777903908,1,0,0.26416060518049517,0,0.059159876663617626,0,False,False,False,False,True,False,False,False,False,False,False,False,False,True
1,3,1,-1.8641883469072666,1,1,-0.3836558502294662,1,0.6792945838081278,0,False,True,True,False,False,False,False,False,False,False,False,True,False,False
1,1,1,2.1407625263238637,0,0,0.09357753040505987,1,-0.5609748304808925,1,False,True,True,False,False,False,False,True,False,False,False,False,False,False
0,3,0,-0.677536236320265,0,0,-0.8027491235785675,0,-0.5609748304808925,1,False,True,False,True,False,False,False,False,False,False,False,False,False,True
0,3,0,0.7316131450017994,1,5,0.3225042028414187,0,3.1598334123861687,0,False,True,False,True,False,False,False,False,False,False,False,False,False,True
0,3,1,-1.1225307777903908,0,0,-0.8122356510839728,0,-0.5609748304808925,1,False,True,True,False,False,False,False,False,False,False,False,False,False,True
1,2,1,1.9182652555888011,0,0,-0.4175709128126304,0,-0.5609748304808925,1,False,True,False,False,True,False,False,False,False,False,False,False,False,True
0,3,0,-2.012519860730642,4,1,0.21833651062169987,0,2.5396987052416584,0,True,False,False,False,False,False,False,False,False,False,False,False,False,True
1,2,0,0.13828708970829856,0,0,-0.5629211810261916,0,-0.5609748304808925,1,False,True,False,True,False,False,False,False,False,False,False,False,False,True
0,3,1,0.13828708970829856,1,0,-0.3206707340035896,0,0.059159876663617626,0,False,True,False,False,True,False,False,False,False,False,False,False,False,True
1,3,1,0.13828708970829856,0,0,-0.8427204473372969,0,-0.5609748304808925,1,False,False,False,False,True,False,False,False,False,False,False,False,False,True
0,2,0,0.43495011735504896,0,0,0.06692998123257361,0,-0.5609748304808925,1,False,True,False,True,False,False,False,False,False,False,False,False,False,True
1,2,0,0.3607843604433614,0,0,-0.5629211810261916,1,-0.5609748304808925,1,False,True,False,True,False,False,False,False,True,False,False,False,False,False
1,3,1,-1.048365020878703,0,0,-0.8037568854381817,0,-0.5609748304808925,1,True,False,True,False,False,False,False,False,False,False,False,False,False,True
1,1,0,-0.08421018102676424,0,0,0.5272058305755174,1,-0.5609748304808925,1,False,True,False,True,False,False,False,False,False,False,False,False,False,False
0,3,1,-1.5675253192605163,3,1,-0.17168670908468942,0,1.9195639980971482,0,False,True,True,False,False,False,False,False,False,False,False,False,False,True
1,3,1,0.6574473880901118,1,5,0.32795483789942725,0,3.1598334123861687,0,False,True,False,False,True,False,False,False,False,False,False,False,False,True
0,3,0,-0.23254169485013945,0,0,-0.8427204473372969,0,-0.5609748304808925,1,False,False,False,True,False,False,False,False,False,False,False,False,False,True
0,1,0,-0.7517019932319526,3,2,2.0194685842347457,1,2.5396987052416584,0,False,True,False,True,False,False,False,True,False,False,False,False,False,False
1,3,1,-0.8258677501436402,0,0,-0.8110243988488597,0,-0.5609748304808925,1,True,False,True,False,False,False,False,False,False,False,False,False,False,True
0,3,0,-0.23254169485013945,0,0,-0.8102201273647446,0,-0.5609748304808925,1,False,True,False,True,False,False,False,False,False,False,False,False,False,True
0,1,0,0.805778901913487,0,0,0.15030289507987235,0,-0.5609748304808925,1,False,False,False,False,False,True,False,False,False,False,False,False,False,True
1,1,1,0.805778901913487,1,0,2.0194685842347457,1,0.059159876663617626,0,False,False,False,False,True,False,True,False,False,False,False,False,False,False
1,3,1,-0.8258677501436402,0,0,-0.8172841503999237,0,-0.5609748304808925,1,True,False,True,False,False,False,False,False,False,False,False,False,False,True
0,2,0,2.7340885816173643,0,0,-0.6840464045374927,0,-0.5609748304808925,1,False,True,False,True,False,False,False,False,False,False,False,False,False,True
0,1,0,-0.08421018102676424,1,0,2.0194685842347457,0,0.059159876663617626,0,False,False,False,True,False,False,False,False,False,False,False,False,False,True
0,1,0,0.9541104157368622,1,0,1.3266323057501042,0,0.059159876663617626,0,False,True,False,True,False,False,False,False,False,False,False,False,False,True
1,3,0,-0.23254169485013945,0,0,-0.8425169569617981,0,-0.5609748304808925,1,False,False,False,True,False,False,False,False,False,False,False,False,False,True
0,3,0,-0.6033704794085775,0,0,-0.8027491235785675,0,-0.5609748304808925,1,False,True,False,True,False,False,False,False,False,False,False,False,False,True
0,3,1,-0.8258677501436402,2,0,-0.3206707340035896,0,0.6792945838081278,0,False,True,True,False,False,False,False,False,False,False,False,False,False,True
1,3,1,-1.1225307777903908,1,0,-0.6481109732261598,0,0.059159876663617626,0,False,False,True,False,False,False,False,False,False,False,False,False,False,True
0,3,1,0.805778901913487,1,0,-0.7337077461771261,0,0.059159876663617626,0,False,True,False,False,True,False,False,False,False,False,False,False,False,True
0,2,1,-0.15837593793845184,1,0,-0.1753204657900284,0,0.059159876663617626,0,False,True,False,False,True,False,False,False,False,False,False,False,False,True
0,3,0,-0.23254169485013945,0,0,-0.8102201273647446,0,-0.5609748304808925,1,False,False,False,True,False,False,False,False,False,False,False,False,False,True
1,2,1,-1.9383541038189542,1,2,0.8217436140834778,0,1.299429290952638,0,False,False,True,False,False,False,False,False,False,False,False,False,False,True
1,3,1,-0.7517019932319526,0,0,-0.8110243988488597,0,-0.5609748304808925,1,True,False,True,False,False,False,False,False,False,False,False,False,False,True
0,3,0,-0.23254169485013945,0,0,-0.8027491235785675,0,-0.5609748304808925,1,False,True,False,True,False,False,False,False,False,False,False,False,False,True
0,3,0,-0.23254169485013945,1,0,-0.4417959575148906,0,0.059159876663617626,0,True,False,False,True,False,False,False,False,False,False,False,False,False,True
1,3,1,-0.8258677501436402,0,0,-0.8172841503999237,0,-0.5609748304808925,1,True,False,True,False,False,False,False,False,False,False,False,False,False,True
0,3,0,-0.23254169485013945,2,0,-0.14241316506647808,0,0.6792945838081278,0,False,False,False,True,False,False,False,False,False,False,False,False,False,True
0,3,1,-0.8258677501436402,1,0,-0.33036075188449365,0,0.059159876663617626,0,False,True,False,False,True,False,False,False,False,False,False,False,False,True
0,3,0,-1.641691076172204,4,1,0.7300905799569466,0,2.5396987052416584,0,False,True,False,False,False,False,False,False,False,False,False,False,False,True
0,3,0,-0.6033704794085775,0,0,-0.8148616459296977,0,-0.5609748304808925,1,False,True,False,True,False,False,False,False,False,False,False,False,False,True
1,1,1,1.4732707141186754,1,0,2.0194685842347457,1,0.059159876663617626,0,False,False,False,False,True,False,False,False,True,False,False,False,False,False
1,2,1,-0.010044424115076634,1,0,0.06692998123257361,0,0.059159876663617626,0,False,True,False,False,True,False,False,False,False,False,False,False,False,True
0,1,0,2.659922824705677,0,1,1.810125437935694,1,0.059159876663617626,0,False,False,False,True,False,False,True,False,False,False,False,False,False,False
1,1,0,0.805778901913487,0,0,0.5272058305755174,1,-0.5609748304808925,1,False,True,False,True,False,False,False,True,False,False,False,False,False,False
1,2,1,-0.6033704794085775,0,0,-0.6840464045374927,0,-0.5609748304808925,1,False,True,True,False,False,False,False,False,False,False,False,False,False,True
0,3,0,-0.04712730257092044,0,0,-0.8425169569617981,0,-0.5609748304808925,1,False,False,False,True,False,False,False,False,False,False,False,False,False,True
1,2,1,-1.790022589995579,1,2,0.15171763769048432,0,1.299429290952638,0,False,True,True,False,False,False,False,False,False,False,False,False,False,True
0,3,0,-1.3450280485254535,5,2,1.07953684978705,0,3.779968119530679,0,False,True,False,False,False,False,False,False,False,False,False,False,False,True
0,3,0,-0.5292047224968899,0,0,-0.8425169569617981,0,-0.5609748304808925,1,False,False,False,True,False,False,False,False,False,False,False,False,False,True
1,1,1,0.6574473880901118,0,0,2.0194685842347457,1,-0.5609748304808925,1,False,True,True,False,False,False,True,False,False,False,False,False,False,False
0,1,0,1.176607686471925,1,0,2.0194685842347457,1,0.059159876663617626,0,False,True,False,True,False,False,False,True,False,False,False,False,False,False
0,3,0,-1.8641883469072666,3,2,0.1589851511011623,0,2.5396987052416584,0,False,True,False,False,False,False,False,False,False,False,False,False,False,True
0,1,0,0.805778901913487,0,0,0.15030289507987235,0,-0.5609748304808925,1,False,False,False,True,False,False,False,False,False,False,False,False,False,True
1,3,0,-1.8641883469072666,1,1,-0.4541119702415197,0,0.6792945838081278,0,False,False,False,False,False,False,False,False,False,False,False,False,False,True
1,2,1,-0.010044424115076634,0,0,-0.6840464045374927,1,-0.5609748304808925,1,False,True,False,False,True,False,False,False,False,False,True,False,False,False
0,3,0,-0.7517019932319526,0,0,-0.797501978896058,0,-0.5609748304808925,1,False,True,False,True,False,False,False,False,False,False,False,False,False,True
1,3,1,-0.9000335070553279,4,2,-0.8088053847541327,0,3.1598334123861687,0,False,True,True,False,False,False,False,False,False,False,False,False,False,True
0,3,0,-0.23254169485013945,2,0,-0.7730734438182989,0,0.6792945838081278,0,False,True,False,True,False,False,False,False,False,False,False,False,False,True
0,2,0,0.21245284661998617,0,0,-0.6840464045374927,0,-0.5609748304808925,1,False,True,False,True,False,False,False,False,False,False,False,False,False,True
0,3,1,-0.9741992639670155,5,2,1.07953684978705,0,3.779968119530679,0,False,True,True,False,False,False,False,False,False,False,False,False,False,True
0,2,0,-0.6033704794085775,0,0,2.0194685842347457,0,-0.5609748304808925,1,False,True,False,True,False,False,False,False,False,False,False,False,False,True
0,3,0,-0.23254169485013945,1,0,-0.49246506101413806,0,0.059159876663617626,0,False,False,False,True,False,False,False,False,False,False,False,False,False,True
1,3,0,0.21245284661998617,0,0,1.544454217694947,0,-0.5609748304808925,1,False,True,False,True,False,False,False,False,False,False,False,False,False,True
0,3,0,-0.30670745176182707,0,0,-0.8221291593403759,1,-0.5609748304808925,1,False,True,False,True,False,False,False,False,False,False,True,False,False,False
0,3,0,-0.23254169485013945,0,0,-0.8102201273647446,0,-0.5609748304808925,1,False,True,False,True,False,False,False,False,False,False,False,False,False,True
0,3,0,-0.23254169485013945,0,0,-0.8027491235785675,0,-0.5609748304808925,1,False,True,False,True,False,False,False,False,False,False,False,False,False,True
1,2,0,-2.0992937963173164,0,2,0.21228024944613483,0,0.6792945838081278,0,False,True,False,False,False,False,False,False,False,False,False,False,False,True
1,3,1,0.06412133279661097,0,0,-0.5883574779635649,0,-0.5609748304808925,1,False,True,True,False,False,False,False,False,False,False,False,False,False,True
0,3,0,-0.5292047224968899,0,0,-0.7567215386442733,0,-0.5609748304808925,1,False,True,False,True,False,False,False,False,False,False,False,False,False,True
1,3,0,-0.010044424115076634,0,0,-0.732496493942013,0,-0.5609748304808925,1,False,True,False,True,False,False,False,False,False,False,False,False,False,True
1,3,1,-0.8258677501436402,0,0,-0.8154672720472541,0,-0.5609748304808925,1,True,False,True,False,False,False,False,False,False,False,False,False,False,True
0,1,0,-0.08421018102676424,0,0,1.0892268676679542,0,-0.5609748304808925,1,False,True,False,True,False,False,False,False,False,False,False,False,False,True
1,2,1,-0.9000335070553279,0,0,-0.6840464045374927,0,-0.5609748304808925,1,False,True,True,False,False,False,False,False,False,False,False,False,False,True
1,3,1,0.2866186035316738,3,0,-0.4248384262233085,0,1.299429290952638,0,False,True,False,False,True,False,False,False,False,False,False,False,False,True
0,3,0,-0.9741992639670155,1,3,0.472699479995432,0,1.9195639980971482,0,False,True,False,True,False,False,False,False,False,False,False,False,False,True
0,3,0,-0.23254169485013945,0,0,-0.8027491235785675,0,-0.5609748304808925,1,False,True,False,True,False,False,False,False,False,False,False,False,False,True
1,1,1,-0.45503896558520224,3,2,2.0194685842347457,1,2.5396987052416584,0,False,True,True,False,False,False,False,True,False,False,False,False,False,False
0,3,0,-0.38087320867351465,0,0,-0.8027491235785675,0,-0.5609748304808925,1,False,True,False,True,False,False,False,False,False,False,False,False,False,True
0,3,0,-0.010044424115076634,0,0,-0.8027491235785675,0,-0.5609748304808925,1,False,True,False,True,False,False,False,False,False,False,False,False,False,True
0,3,0,-0.677536236320265,0,0,-0.8122356510839728,0,-0.5609748304808925,1,False,True,False,True,False,False,False,False,False,False,False,False,False,True
0,1,0,1.2507734433836126,1,0,1.7711618760365786,1,0.059159876663617626,0,False,True,False,True,False,False,False,False,False,True,False,False,False,False
0,3,0,-0.23254169485013945,1,2,-0.1959117537869496,0,1.299429290952638,0,False,True,False,True,False,False,False,False,False,False,False,False,False,True
0,3,0,2.2149282832355515,0,0,-0.8415091951021839,0,-0.5609748304808925,1,False,True,False,True,False,False,False,False,False,False,False,False,False,True
0,3,0,-0.23254169485013945,0,0,-0.8027491235785675,0,-0.5609748304808925,1,False,True,False,True,False,False,False,False,False,False,False,False,False,True
0,1,0,3.1049173661758025,0,0,0.4862267449571742,1,-0.5609748304808925,1,False,False,False,True,False,False,False,False,False,False,False,False,False,False
1,1,0,-0.45503896558520224,0,1,1.876942956233468,1,0.059159876663617626,0,False,False,False,True,False,False,False,False,True,False,False,False,False,False
1,2,1,0.3607843604433614,0,1,-0.0784202869809876,0,0.059159876663617626,0,False,True,False,False,True,False,False,False,False,False,False,False,False,True
0,2,0,0.3607843604433614,1,0,0.06692998123257361,0,0.059159876663617626,0,False,True,False,True,False,False,False,False,False,False,False,False,False,True
0,3,1,-0.08421018102676424,0,0,-0.8102201273647446,0,-0.5609748304808925,1,False,True,True,False,False,False,False,False,False,False,False,False,False,True
0,3,0,-0.23254169485013945,0,0,-0.8102201273647446,0,-0.5609748304808925,1,False,True,False,True,False,False,False,False,False,False,False,False,False,True
0,1,0,-0.6033704794085775,0,1,2.0194685842347457,1,0.059159876663617626,0,False,True,False,True,False,False,False,False,True,False,False,False,False,False
0,3,0,0.2866186035316738,0,0,-0.7734755795603564,0,-0.5609748304808925,1,False,True,False,True,False,False,False,False,False,False,False,False,False,True
0,3,0,0.5832816311784242,2,0,-0.8088053847541327,0,0.6792945838081278,0,False,True,False,True,False,False,False,False,False,False,False,False,False,True
0,3,0,-0.08421018102676424,0,0,-0.8102201273647446,0,-0.5609748304808925,1,False,True,False,True,False,False,False,False,False,False,False,False,False,True
1,3,1,-0.6033704794085775,0,0,-0.8221291593403759,0,-0.5609748304808925,1,False,True,True,False,False,False,False,False,False,False,False,False,False,True
1,3,0,-0.23254169485013945,0,0,-0.8160728981648108,0,-0.5609748304808925,1,False,True,False,True,False,False,False,False,False,False,False,False,False,True
0,3,0,0.6574473880901118,0,0,-0.8102201273647446,0,-0.5609748304808925,1,False,True,False,True,False,False,False,False,False,False,False,False,False,True
1,3,1,-0.8258677501436402,1,0,-0.022702684165789206,0,0.059159876663617626,0,True,False,True,False,False,False,False,False,False,False,False,False,False,True
0,1,0,1.3249392002953002,0,0,1.3266323057501042,1,-0.5609748304808925,1,False,True,False,True,False,False,False,True,False,False,False,False,False,False
0,3,1,-1.0854478993345469,1,0,-0.49246506101413806,0,0.059159876663617626,0,False,False,True,False,False,False,False,False,False,False,False,False,False,True
0,3,0,-0.5292047224968899,0,0,-0.8027491235785675,0,-0.5609748304808925,1,False,True,False,True,False,False,False,False,False,False,False,False,False,True
0,3,1,-0.677536236320265,1,0,-0.7167502148855439,0,0.059159876663617626,0,False,True,True,False,False,False,False,False,False,False,False,False,False,True
0,3,1,-0.9000335070553279,0,0,-0.49226641564757956,0,-0.5609748304808925,1,False,False,True,False,False,False,False,False,False,False,False,False,False,True
0,3,0,-0.6033704794085775,0,0,-0.8088053847541327,0,-0.5609748304808925,1,False,True,False,True,False,False,False,False,False,False,False,False,False,True
0,3,0,3.0678344877199586,0,0,-0.8172841503999237,0,-0.5609748304808925,1,True,False,False,True,False,False,False,False,False,False,False,False,False,True
0,2,0,-0.010044424115076634,1,0,-0.1753204657900284,0,0.059159876663617626,0,False,True,False,True,False,False,False,False,False,False,False,False,False,True
0,1,0,-0.38087320867351465,0,1,2.0194685842347457,1,0.059159876663617626,0,False,False,False,True,False,False,True,False,False,False,False,False,False,False
0,3,1,-2.012519860730642,4,2,0.3225042028414187,0,3.1598334123861687,0,False,True,True,False,False,False,False,False,False,False,False,False,False,True
0,2,0,-0.6033704794085775,2,0,2.0194685842347457,0,0.6792945838081278,0,False,True,False,True,False,False,False,False,False,False,False,False,False,True
0,3,0,-0.23254169485013945,0,0,-0.8027491235785675,0,-0.5609748304808925,1,False,True,False,True,False,False,False,False,False,False,False,False,False,True
0,2,0,0.24953572507582997,1,0,0.26416060518049517,0,0.059159876663617626,0,False,False,False,True,False,False,False,False,False,False,False,False,False,True
1,2,1,0.24953572507582997,0,0,-0.5629211810261916,1,-0.5609748304808925,1,False,True,True,False,False,False,False,False,False,True,False,False,False,False
0,1,0,1.8440994986771135,0,1,2.0194685842347457,1,0.059159876663617626,0,False,True,False,True,False,False,False,False,True,False,False,False,False,False
1,3,0,-1.270862291613766,1,0,-0.6481109732261598,0,0.059159876663617626,0,False,False,False,False,False,False,False,False,False,False,False,False,False,True
0,3,0,-0.23254169485013945,0,0,-0.8172841503999237,0,-0.5609748304808925,1,True,False,False,True,False,False,False,False,False,False,False,False,False,True
1,3,0,-0.38087320867351465,0,0,-0.8467563397846934,0,-0.5609748304808925,1,False,True,False,True,False,False,False,False,False,False,False,False,False,True
1,3,1,-0.8258677501436402,1,1,-0.10951070935186835,1,0.6792945838081278,0,False,False,True,False,False,False,False,False,False,False,True,False,False,False
0,3,0,1.176607686471925,0,0,-0.8548329696884269,0,-0.5609748304808925,1,False,True,False,True,False,False,False,False,False,False,False,False,False,True
0,3,0,0.2866186035316738,0,0,-0.8102201273647446,0,-0.5609748304808925,1,False,False,False,True,False,False,False,False,False,False,False,False,False,True
0,3,0,-0.677536236320265,0,0,-0.851199212983088,0,-0.5609748304808925,1,False,True,False,True,False,False,False,False,False,False,False,False,False,True
0,3,1,1.3249392002953002,1,0,-0.49024604691941104,0,0.059159876663617626,0,False,True,False,False,True,False,False,False,False,False,False,False,False,True
1,2,1,-0.010044424115076634,1,0,0.06692998123257361,0,0.059159876663617626,0,False,True,False,False,True,False,False,False,False,False,False,False,False,True
0,2,0,-0.30670745176182707,0,0,-0.5629211810261916,0,-0.5609748304808925,1,False,True,False,True,False,False,False,False,False,False,False,False,False,True
0,2,0,-0.45503896558520224,0,0,-0.4638019881224238,0,-0.5609748304808925,1,False,False,False,True,False,False,False,False,False,False,False,False,False,True
1,1,1,-0.7517019932319526,0,2,0.08065589156087427,1,0.6792945838081278,0,False,True,True,False,False,False,False,False,True,False,False,False,False,False
0,1,0,0.5832816311784242,1,0,1.3799274040950766,1,0.059159876663617626,0,False,True,False,True,False,False,False,True,False,False,False,False,False,False
0,3,0,-0.9741992639670155,0,0,-0.7462224042703137,0,-0.5609748304808925,1,False,True,False,True,False,False,False,False,False,False,False,False,False,True
0,1,0,-0.38087320867351465,0,0,2.0194685842347457,1,-0.5609748304808925,1,False,False,False,True,False,False,True,False,False,False,False,False,False,False
0,3,1,0.13828708970829856,0,2,-0.4541119702415197,0,0.6792945838081278,0,False,False,False,False,True,False,False,False,False,False,False,False,False,True
1,3,1,-0.5292047224968899,0,0,-0.8172841503999237,0,-0.5609748304808925,1,False,True,True,False,False,False,False,False,False,False,False,False,False,True
1,3,1,-0.38087320867351465,1,0,-0.4248384262233085,0,0.059159876663617626,0,False,True,False,False,True,False,False,False,False,False,False,False,False,True
0,3,0,-0.7517019932319526,0,0,-0.8657342398044441,0,-0.5609748304808925,1,True,False,False,True,False,False,False,False,False,False,False,False,False,True
0,2,0,-0.8258677501436402,0,0,-0.6355963151329722,0,-0.5609748304808925,1,False,True,False,True,False,False,False,False,False,False,False,False,False,True
0,2,0,-0.7517019932319526,1,1,0.587768442331168,0,0.6792945838081278,0,False,True,False,True,False,False,False,False,False,False,False,False,False,True
1,3,0,-0.15837593793845184,0,0,-0.8150651363051967,0,-0.5609748304808925,1,False,True,False,True,False,False,False,False,False,False,False,False,False,True
0,3,1,-1.4933595623488287,2,2,0.472699479995432,0,1.9195639980971482,0,False,True,True,False,False,False,False,False,False,False,False,False,False,True
0,2,0,0.5461987527225803,0,2,0.06692998123257361,1,0.6792945838081278,0,False,True,False,True,False,False,False,False,False,False,True,False,False,False
0,2,0,0.9541104157368622,0,0,-0.5629211810261916,0,-0.5609748304808925,1,False,True,False,False,False,True,False,False,False,False,False,False,False,True
0,2,0,1.6216022279420506,0,0,-0.5859349734933388,0,-0.5609748304808925,1,False,True,False,False,False,True,False,False,False,False,False,False,False,True
1,1,1,-0.5292047224968899,1,0,2.0194685842347457,1,0.059159876663617626,0,False,True,False,False,True,False,False,True,False,False,False,False,False,False
0,3,0,1.9553481340446448,0,0,-0.8027491235785675,0,-0.5609748304808925,1,False,True,False,True,False,False,False,False,False,False,False,False,False,True
0,3,0,0.8428617803693308,0,2,-0.49024604691941104,0,0.6792945838081278,0,False,True,False,True,False,False,False,False,False,False,False,False,False,True
0,3,0,-0.23254169485013945,0,0,-0.8384810645144014,0,-0.5609748304808925,1,False,True,False,True,False,False,False,False,False,False,False,False,False,True
0,1,0,1.6216022279420506,0,1,1.7810553842929817,0,0.059159876663617626,0,False,False,False,True,False,False,False,False,False,False,False,False,False,True
1,3,1,-0.9741992639670155,0,0,-0.8180932668929792,0,-0.5609748304808925,1,True,False,True,False,False,False,False,False,False,False,False,False,False,True
0,3,0,0.06412133279661097,0,0,-0.8027491235785675,0,-0.5609748304808925,1,False,True,False,True,False,False,False,False,False,False,False,False,False,True
0,3,0,-0.23254169485013945,0,0,-0.7730734438182989,0,-0.5609748304808925,1,False,True,False,True,False,False,False,False,False,False,False,False,False,True
0,3,0,-1.8641883469072666,8,2,2.0194685842347457,0,5.64037224096421,0,False,True,False,False,False,False,False,False,False,False,False,False,False,True
0,3,0,1.1024419295602375,0,1,-0.4127259038721783,0,0.059159876663617626,0,False,True,False,True,False,False,False,False,False,False,False,False,False,True
1,2,1,0.805778901913487,0,0,-0.4296834351637605,0,-0.5609748304808925,1,False,True,False,False,True,False,False,False,False,False,False,False,False,True
0,3,0,-0.23254169485013945,0,0,-0.8160728981648108,0,-0.5609748304808925,1,False,True,False,True,False,False,False,False,False,False,False,False,False,True
0,3,0,-0.9000335070553279,0,0,-0.7730734438182989,0,-0.5609748304808925,1,False,True,False,True,False,False,False,False,False,False,False,False,False,True
0,3,0,-2.0866856176423294,4,1,0.7300905799569466,0,2.5396987052416584,0,False,True,False,False,False,False,False,False,False,False,False,False,False,True
1,3,0,-1.4933595623488287,0,2,-0.19833425825717566,0,0.6792945838081278,0,False,True,False,False,False,False,False,False,False,False,False,False,False,True
1,1,1,0.805778901913487,0,1,1.4719825739636652,1,0.059159876663617626,0,False,True,False,False,True,False,False,False,False,True,False,False,False,False
0,3,1,1.176607686471925,1,4,0.1589851511011623,0,2.5396987052416584,0,False,True,False,False,True,False,False,False,False,False,False,False,False,True
0,1,0,0.805778901913487,0,0,0.06329622452723462,0,-0.5609748304808925,1,False,True,False,True,False,False,False,False,False,False,False,False,False,True
0,3,0,-0.08421018102676424,0,0,1.544454217694947,0,-0.5609748304808925,1,False,True,False,True,False,False,False,False,False,False,False,False,False,True
0,1,0,2.3632597970589266,0,0,0.4303056517664766,1,-0.5609748304808925,1,False,True,False,True,False,False,True,False,False,False,False,False,False,False
0,3,0,-1.8641883469072666,4,1,0.21833651062169987,0,2.5396987052416584,0,True,False,False,False,False,False,False,False,False,False,False,False,False,True
1,3,1,-2.0866856176423294,1,1,-0.6533629629176099,0,0.6792945838081278,0,False,True,True,False,False,False,False,False,False,False,False,False,False,True
0,3,0,-0.6033704794085775,0,0,-0.8088053847541327,0,-0.5609748304808925,1,False,True,False,True,False,False,False,False,False,False,False,False,False,True
0,1,0,1.9924310125004887,0,0,0.29444191105832046,1,-0.5609748304808925,1,False,False,False,True,False,False,False,False,False,False,False,False,False,False
0,3,0,-0.8258677501436402,1,1,-0.8122356510839728,0,0.6792945838081278,0,False,True,False,True,False,False,False,False,False,False,False,False,False,True
0,3,0,-1.8641883469072666,3,1,0.04109154855314285,0,1.9195639980971482,0,False,True,False,False,False,False,False,False,False,False,False,False,False,True
0,1,1,1.547436471030363,0,0,0.19835084874233513,1,-0.5609748304808925,1,False,False,True,False,False,False,False,True,False,False,False,False,False,False
0,2,0,0.06412133279661097,0,0,-0.5629211810261916,0,-0.5609748304808925,1,False,True,False,True,False,False,False,False,False,False,False,False,False,True
0,3,0,0.5091158742667365,0,0,-0.8027491235785675,0,-0.5609748304808925,1,False,True,False,True,False,False,False,False,False,False,False,False,False,True
0,3,1,-0.8258677501436402,8,2,2.0194685842347457,0,5.64037224096421,0,False,True,True,False,False,False,False,False,False,False,False,False,False,True
0,2,0,0.13828708970829856,0,0,-0.46359849774692474,0,-0.5609748304808925,1,False,False,False,True,False,False,False,False,False,False,False,False,False,True
0,3,0,-1.4933595623488287,4,2,0.32795483789942725,0,3.1598334123861687,0,False,True,False,False,False,False,False,False,False,False,False,False,False,True
1,2,0,-2.0866856176423294,2,1,0.6967811434913388,1,1.299429290952638,0,False,True,False,False,False,False,False,False,False,False,True,False,False,False
1,3,1,-1.8641883469072666,0,2,-0.12565912415039507,0,0.6792945838081278,0,False,True,True,False,False,False,False,False,False,False,False,False,False,True
0,1,0,0.805778901913487,0,0,1.2297321269410633,1,-0.5609748304808925,1,False,True,False,True,False,False,False,False,False,False,False,False,False,False
1,3,1,0.13828708970829856,1,0,-0.4417959575148906,0,0.059159876663617626,0,True,False,False,False,True,False,False,False,False,False,False,False,False,True
1,1,0,1.176607686471925,0,0,0.09357753040505987,0,-0.5609748304808925,1,False,True,False,True,False,False,False,False,False,False,False,False,False,True
0,3,0,0.805778901913487,1,1,-0.4417959575148906,0,0.6792945838081278,0,True,False,False,True,False,False,False,False,False,False,False,False,False,True
0,3,0,0.5091158742667365,0,0,-0.8102201273647446,0,-0.5609748304808925,1,False,True,False,True,False,False,False,False,False,False,False,False,False,True
1,2,1,0.21245284661998617,0,0,-0.5629211810261916,0,-0.5609748304808925,1,False,True,False,False,True,False,False,False,False,False,False,False,False,True
0,2,0,-0.7517019932319526,0,0,-0.5629211810261916,0,-0.5609748304808925,1,False,True,False,True,False,False,False,False,False,False,False,False,False,True
1,3,1,-0.7517019932319526,1,0,-0.8122356510839728,0,0.059159876663617626,0,False,True,True,False,False,False,False,False,False,False,False,False,False,True
1,2,0,-1.9383541038189542,1,1,0.06692998123257361,1,0.6792945838081278,0,False,True,False,False,False,False,False,False,False,False,True,False,False,False
1,1,1,1.1024419295602375,0,0,0.15030289507987235,1,-0.5609748304808925,1,False,False,False,False,True,False,True,False,False,False,False,False,False,False
1,1,1,2.1407625263238637,0,0,2.0194685842347457,1,-0.5609748304808925,1,False,False,True,False,False,False,True,False,False,False,False,False,False,False
0,3,0,-0.23254169485013945,0,0,-0.8172841503999237,0,-0.5609748304808925,1,True,False,False,True,False,False,False,False,False,False,False,False,False,True
0,3,0,0.9541104157368622,0,1,-0.7855881019114865,0,0.059159876663617626,0,False,True,False,True,False,False,False,False,False,False,False,False,False,True
1,3,1,-0.8258677501436402,0,0,-0.8172841503999237,0,-0.5609748304808925,1,True,False,True,False,False,False,False,False,False,False,False,False,False,True
0,2,1,-0.38087320867351465,0,0,-0.5629211810261916,0,-0.5609748304808925,1,False,True,True,False,False,False,False,False,False,False,False,False,False,True
0,3,0,-0.08421018102676424,0,0,-0.732496493942013,0,-0.5609748304808925,1,False,True,False,True,False,False,False,False,False,False,False,False,False,True
0,3,0,-0.23254169485013945,8,2,2.0194685842347457,0,5.64037224096421,0,False,True,False,True,False,False,False,False,False,False,False,False,False,True
0,3,0,0.3607843604433614,0,0,-0.8780502525310733,0,-0.5609748304808925,1,False,True,False,True,False,False,False,False,False,False,False,False,False,True
0,3,0,1.2136905649277687,0,0,-0.8427204473372969,0,-0.5609748304808925,1,False,False,False,True,False,False,False,False,False,False,False,False,False,True
1,3,0,-0.8258677501436402,0,0,-0.8027491235785675,0,-0.5609748304808925,1,False,True,False,True,False,False,False,False,False,False,False,False,False,True
0,3,1,-2.012519860730642,0,1,-0.6858632828901621,1,0.059159876663617626,0,False,True,True,False,False,False,False,False,False,False,False,True,False,False
0,3,0,0.21245284661998617,1,0,-0.4248384262233085,0,0.059159876663617626,0,False,True,False,True,False,False,False,False,False,False,False,False,False,True
1,3,0,-0.23254169485013945,0,0,-0.2825162885975297,0,-0.5609748304808925,1,False,False,False,True,False,False,False,False,False,False,False,False,False,True
1,3,1,-0.9741992639670155,0,0,-0.8172841503999237,0,-0.5609748304808925,1,True,False,True,False,False,False,False,False,False,False,False,False,False,True
1,1,0,0.805778901913487,0,0,0.3091804282551756,1,-0.5609748304808925,1,False,False,False,True,False,False,False,False,False,False,False,False,False,False
0,3,0,-0.38087320867351465,0,0,-0.851199212983088,0,-0.5609748304808925,1,False,True,False,True,False,False,False,False,False,False,False,False,False,True
1,2,1,0.43495011735504896,0,0,-0.1753204657900284,0,-0.5609748304808925,1,False,True,True,False,False,False,False,False,False,False,False,False,False,True
0,3,0,-0.5292047224968899,0,0,-0.8415091951021839,0,-0.5609748304808925,1,False,True,False,True,False,False,False,False,False,False,False,False,False,True
0,2,0,0.06412133279661097,0,0,-0.5629211810261916,0,-0.5609748304808925,1,False,True,False,True,False,False,False,False,False,False,False,False,False,True
0,3,0,-0.23254169485013945,1,0,-0.8172841503999237,0,0.059159876663617626,0,True,False,False,True,False,False,False,False,False,False,False,False,False,True
1,1,1,0.13828708970829856,1,0,2.0194685842347457,1,0.059159876663617626,0,False,False,True,False,False,False,False,False,True,False,False,False,False,False
1,3,1,-0.15837593793845184,0,0,-0.8088053847541327,0,-0.5609748304808925,1,False,True,True,False,False,False,False,False,False,False,False,False,False,True
0,2,0,0.9541104157368622,1,0,0.115380070637094,0,0.059159876663617626,0,False,True,False,True,False,False,False,False,False,False,False,False,False,True
1,1,1,0.21245284661998617,0,0,2.0194685842347457,1,-0.5609748304808925,1,False,False,True,False,False,False,False,False,True,False,False,False,False,False
0,2,0,0.06412133279661097,0,0,-0.6840464045374927,0,-0.5609748304808925,1,False,True,False,True,False,False,False,False,False,False,False,False,False,True
1,3,0,-0.9741992639670155,0,0,-0.8027491235785675,0,-0.5609748304808925,1,False,True,False,True,False,False,False,False,False,False,False,False,False,True
0,2,0,-0.15837593793845184,0,0,-0.5629211810261916,0,-0.5609748304808925,1,False,True,False,True,False,False,False,False,False,False,False,False,False,True
0,3,0,1.6216022279420506,0,0,-0.8027491235785675,0,-0.5609748304808925,1,False,True,False,True,False,False,False,False,False,False,False,False,False,True
0,3,0,-0.23254169485013945,0,0,-0.8102201273647446,0,-0.5609748304808925,1,False,True,False,True,False,False,False,False,False,False,False,False,False,True
1,1,0,0.6574473880901118,1,0,2.0194685842347457,1,0.059159876663617626,0,False,True,False,True,False,False,False,True,False,False,False,False,False,False
0,3,0,-0.5292047224968899,0,0,-0.7397640073526911,0,-0.5609748304808925,1,False,True,False,True,False,False,False,False,False,False,False,False,False,True
1,2,0,-0.7517019932319526,0,0,-0.6840464045374927,0,-0.5609748304808925,1,False,True,False,True,False,False,False,False,False,False,False,False,False,True
0,3,0,-0.6404533578644213,0,0,-0.8415091951021839,0,-0.5609748304808925,1,False,True,False,True,False,False,False,False,False,False,False,False,False,True
0,2,0,-0.8258677501436402,0,0,-0.5629211810261916,0,-0.5609748304808925,1,False,True,False,True,False,False,False,False,False,False,False,False,False,True
0,3,1,-0.8258677501436402,3,1,0.04109154855314285,0,1.9195639980971482,0,False,True,True,False,False,False,False,False,False,False,False,False,False,True
1,1,1,0.43495011735504896,1,0,2.0194685842347457,1,0.059159876663617626,0,False,True,False,False,True,False,False,True,False,False,False,False,False,False
0,3,0,-0.010044424115076634,0,0,-0.8160728981648108,0,-0.5609748304808925,1,False,True,False,True,False,False,False,False,False,False,False,False,False,True
0,2,0,2.2149282832355515,0,0,-0.5386961363239314,0,-0.5609748304808925,1,False,True,False,True,False,False,False,False,False,False,False,False,False,True
1,3,1,-1.790022589995579,4,2,0.32795483789942725,0,3.1598334123861687,0,False,True,True,False,False,False,False,False,False,False,False,False,False,True
0,2,0,-0.38087320867351465,0,0,-0.6840464045374927,0,-0.5609748304808925,1,False,True,False,True,False,False,False,False,False,False,False,False,False,True
0,3,1,-0.8258677501436402,0,0,-0.8269741682808278,0,-0.5609748304808925,1,False,True,True,False,False,False,False,False,False,False,False,False,False,True
0,2,0,1.1024419295602375,1,0,0.06692998123257361,0,0.059159876663617626,0,False,True,False,True,False,False,False,False,False,False,False,False,False,True
1,2,1,-1.5675253192605163,0,2,0.07904250358370371,0,0.6792945838081278,0,False,True,True,False,False,False,False,False,False,False,False,False,False,True
0,2,0,-0.7517019932319526,0,0,-0.6840464045374927,0,-0.5609748304808925,1,False,True,False,True,False,False,False,False,False,False,False,False,False,True
0,2,0,0.2866186035316738,0,0,-0.5980474958444689,0,-0.5609748304808925,1,False,True,False,True,False,False,False,False,False,False,False,False,False,True
0,3,1,-0.8258677501436402,1,0,-0.49246506101413806,0,0.059159876663617626,0,False,False,True,False,False,False,False,False,False,False,False,False,False,True
1,3,1,-0.8258677501436402,1,0,-0.4417959575148906,0,0.059159876663617626,0,True,False,True,False,False,False,False,False,False,False,False,False,False,True
0,2,0,-0.010044424115076634,0,0,-0.6840464045374927,0,-0.5609748304808925,1,False,True,False,True,False,False,False,False,False,False,False,False,False,True
0,3,0,-0.5292047224968899,0,0,-0.8475654562777489,0,-0.5609748304808925,1,False,True,False,True,False,False,False,False,False,False,False,False,False,True
0,3,0,0.06412133279661097,0,0,-0.8427204473372969,0,-0.5609748304808925,1,False,False,False,True,False,False,False,False,False,False,False,False,False,True
0,1,0,1.1024419295602375,2,0,2.0194685842347457,1,0.6792945838081278,0,True,False,False,False,False,True,False,True,False,False,False,False,False,False
0,3,1,-0.30670745176182707,0,0,-0.8160728981648108,0,-0.5609748304808925,1,False,True,True,False,False,False,False,False,False,False,False,False,False,True
1,2,1,-0.38087320867351465,0,2,-0.49024604691941104,0,0.6792945838081278,0,False,True,False,False,True,False,False,False,False,False,False,False,False,True
1,1,0,0.5832816311784242,1,1,1.3534833452980894,1,0.6792945838081278,0,False,True,False,True,False,False,False,False,True,False,False,False,False,False
0,2,0,1.8440994986771135,1,0,0.06692998123257361,0,0.059159876663617626,0,False,True,False,False,False,True,False,False,False,False,False,False,False,True
0,3,0,-0.23254169485013945,0,0,-0.8415091951021839,0,-0.5609748304808925,1,False,True,False,True,False,False,False,False,False,False,False,False,False,True
0,3,1,-0.010044424115076634,1,1,-0.6858632828901621,1,0.6792945838081278,0,False,True,False,False,True,False,False,False,False,False,False,True,False,False
0,1,0,2.437425553970614,0,0,0.09357753040505987,1,-0.5609748304808925,1,False,True,False,True,False,False,False,True,False,False,False,False,False,False
0,3,0,0.06412133279661097,1,0,-0.4127259038721783,0,0.059159876663617626,0,False,True,False,True,False,False,False,False,False,False,False,False,False,True
0,3,1,0.8799446588251746,0,2,-0.2134749111960883,0,0.6792945838081278,0,False,True,False,False,True,False,False,False,False,False,False,False,False,True
1,3,1,-0.010044424115076634,0,2,-0.4541119702415197,0,0.6792945838081278,0,False,False,False,False,True,False,False,False,False,False,False,False,False,True
1,1,1,0.805778901913487,0,0,2.0194685842347457,0,-0.5609748304808925,1,False,False,False,False,True,False,False,False,False,False,False,False,False,True
1,1,1,0.06412133279661097,0,0,2.0194685842347457,1,-0.5609748304808925,1,False,True,True,False,False,False,True,False,False,False,False,False,False,False
1,1,1,0.43495011735504896,0,0,2.0194685842347457,0,-0.5609748304808925,1,False,False,True,False,False,False,False,False,False,False,False,False,False,True
1,2,1,1.547436471030363,0,1,0.06692998123257361,0,0.059159876663617626,0,False,True,False,False,True,False,False,False,False,False,False,False,False,True
0,3,0,-0.23254169485013945,0,0,-0.8172841503999237,0,-0.5609748304808925,1,True,False,False,True,False,False,False,False,False,False,False,False,False,True
1,3,0,-1.9383541038189542,4,2,0.32795483789942725,0,3.1598334123861687,0,False,True,False,False,False,False,False,False,False,False,False,False,False,True
0,1,0,1.6957679848537381,1,1,2.0194685842347457,1,0.6792945838081278,0,False,True,False,True,False,False,False,False,False,True,False,False,False,False
0,1,0,0.805778901913487,0,0,1.810125437935694,1,-0.5609748304808925,1,False,True,False,True,False,False,True,False,False,False,False,False,False,False
0,3,1,-0.8258677501436402,0,0,-0.8172841503999237,0,-0.5609748304808925,1,True,False,True,False,False,False,False,False,False,False,False,False,False,True
0,2,0,0.5091158742667365,0,0,-0.6840464045374927,0,-0.5609748304808925,1,False,True,False,True,False,False,False,False,False,False,False,False,False,True
0,3,0,-0.9741992639670155,4,1,0.7300905799569466,0,2.5396987052416584,0,False,True,False,True,False,False,False,False,False,False,False,False,False,True
1,3,0,-0.30670745176182707,1,0,-0.8160728981648108,0,0.059159876663617626,0,False,True,False,True,False,False,False,False,False,False,False,False,False,True
1,1,1,2.1407625263238637,0,1,2.0194685842347457,1,0.059159876663617626,0,False,True,False,False,True,False,False,True,False,False,False,False,False,False
1,1,1,0.43495011735504896,0,0,2.0194685842347457,1,-0.5609748304808925,1,False,True,True,False,False,False,False,True,False,False,False,False,False,False
0,1,0,0.805778901913487,0,0,0.3091804282551756,0,-0.5609748304808925,1,False,True,False,True,False,False,False,False,False,False,False,False,False,True
1,3,0,-0.30670745176182707,0,0,-0.8027491235785675,0,-0.5609748304808925,1,False,True,False,True,False,False,False,False,False,False,False,False,False,True
1,2,1,0.8799446588251746,0,1,-0.247995599896809,0,0.059159876663617626,0,False,True,False,False,True,False,False,False,False,False,False,False,False,True
0,1,0,0.5832816311784242,0,1,0.24619531202929906,1,0.059159876663617626,0,False,False,False,True,False,False,False,True,False,False,False,False,False,False
1,3,1,-0.8258677501436402,0,0,-0.8172841503999237,0,-0.5609748304808925,1,True,False,True,False,False,False,False,False,False,False,False,False,False,True
1,1,1,2.511591310882302,1,0,2.0194685842347457,1,0.059159876663617626,0,False,True,True,False,False,False,False,False,True,False,False,False,False,False
0,3,1,1.176607686471925,0,0,-0.8172841503999237,0,-0.5609748304808925,1,False,True,True,False,False,False,False,False,False,False,False,False,False,True
0,2,0,0.13828708970829856,0,0,-0.4649114951697873,0,-0.5609748304808925,1,False,True,False,True,False,False,False,False,False,False,False,False,False,True
0,3,0,-1.641691076172204,4,1,0.21833651062169987,0,2.5396987052416584,0,True,False,False,False,False,False,False,False,False,False,False,False,False,True
1,3,1,0.43495011735504896,1,1,-0.2116580328434187,0,0.6792945838081278,0,False,True,False,False,True,False,False,False,False,False,False,False,False,True
0,3,0,2.659922824705677,0,0,-0.8172841503999237,0,-0.5609748304808925,1,True,False,False,True,False,False,False,False,False,False,False,False,False,True
0,3,0,-0.08421018102676424,0,0,-0.8122356510839728,0,-0.5609748304808925,1,False,True,False,True,False,False,False,False,False,False,False,False,False,True
0,3,0,-0.9741992639670155,0,0,-0.732496493942013,0,-0.5609748304808925,1,False,True,False,True,False,False,False,False,False,False,False,False,False,True
1,3,0,-0.7517019932319526,0,0,-0.8027491235785675,0,-0.5609748304808925,1,False,True,False,True,False,False,False,False,False,False,False,False,False,True
0,1,0,0.805778901913487,0,0,0.06692998123257361,1,-0.5609748304808925,1,False,True,False,True,False,False,False,False,False,False,False,False,False,False
0,3,0,0.2866186035316738,0,0,-0.7730734438182989,0,-0.5609748304808925,1,False,False,False,True,False,False,False,False,False,False,False,False,False,True
1,3,0,0.06412133279661097,0,0,-0.732496493942013,0,-0.5609748304808925,1,False,True,False,True,False,False,False,False,False,False,False,False,False,True
0,3,0,-0.5292047224968899,0,0,-0.8102201273647446,0,-0.5609748304808925,1,False,True,False,True,False,False,False,False,False,False,False,False,False,True
1,2,0,0.9541104157368622,0,0,-0.5629211810261916,0,-0.5609748304808925,1,False,True,False,True,False,False,False,False,False,False,False,False,False,True
1,3,1,-0.5292047224968899,0,0,-0.8172841503999237,0,-0.5609748304808925,1,True,False,True,False,False,False,False,False,False,False,False,False,False,True
1,1,1,-0.23254169485013945,0,0,2.0194685842347457,0,-0.5609748304808925,1,False,True,True,False,False,False,False,False,False,False,False,False,False,True
1,1,1,-0.7517019932319526,1,0,2.0194685842347457,1,0.059159876663617626,0,False,False,False,False,True,False,True,False,False,False,False,False,False,False
0,2,0,0.5091158742667365,0,0,-0.5689774422017567,1,-0.5609748304808925,1,False,False,False,True,False,False,False,False,True,False,False,False,False,False
0,3,1,-0.38087320867351465,0,0,-0.7639890520549513,0,-0.5609748304808925,1,False,True,True,False,False,False,False,False,False,False,False,False,False,True
0,3,0,-0.38087320867351465,0,0,-0.8102201273647446,0,-0.5609748304808925,1,False,True,False,True,False,False,False,False,False,False,False,False,False,True
0,1,0,0.805778901913487,0,0,0.15030289507987235,0,-0.5609748304808925,1,False,False,False,True,False,False,False,False,False,False,False,False,False,True
0,3,0,-0.41795608712935844,0,0,-0.8425169569617981,0,-0.5609748304808925,1,False,False,False,True,False,False,False,False,False,False,False,False,False,True
0,1,1,-2.012519860730642,1,2,2.0194685842347457,1,1.299429290952638,0,False,True,True,False,False,False,False,True,False,False,False,False,False,False
1,1,0,0.805778901913487,0,0,0.28495538355291544,1,-0.5609748304808925,1,False,True,False,True,False,False,False,True,False,False,False,False,False,False
1,1,1,1.547436471030363,0,1,2.0194685842347457,1,0.059159876663617626,0,False,False,False,False,True,False,True,False,False,False,False,False,False,False
1,3,1,-0.8258677501436402,0,0,-0.8172841503999237,0,-0.5609748304808925,1,True,False,True,False,False,False,False,False,False,False,False,False,False,True
1,3,0,-0.23254169485013945,2,0,-0.0663077646298575,0,0.6792945838081278,0,True,False,False,True,False,False,False,False,False,False,False,False,False,True
0,3,0,-0.7517019932319526,0,0,-0.8027491235785675,0,-0.5609748304808925,1,False,True,False,True,False,False,False,False,False,False,False,False,False,True
1,2,1,-0.38087320867351465,0,0,-0.5944137391391299,1,-0.5609748304808925,1,True,False,True,False,False,False,False,False,False,True,False,False,False,False
0,3,0,-0.23254169485013945,0,0,-0.8027491235785675,0,-0.5609748304808925,1,False,True,False,True,False,False,False,False,False,False,False,False,False,True
1,1,0,-2.0926188781952644,1,2,2.0194685842347457,1,1.299429290952638,0,False,True,False,False,False,False,False,True,False,False,False,False,False,False
1,1,1,0.06412133279661097,0,0,2.0194685842347457,0,-0.5609748304808925,1,False,False,True,False,False,False,False,False,False,False,False,False,False,True
1,1,1,-0.9000335070553279,1,0,2.0194685842347457,1,0.059159876663617626,0,False,False,False,False,True,False,False,True,False,False,False,False,False,False
0,2,0,0.06412133279661097,1,0,-0.029970197576467197,0,0.059159876663617626,0,False,False,False,True,False,False,False,False,False,False,False,False,False,True
1,1,1,0.06412133279661097,0,0,1.565452486442866,1,-0.5609748304808925,1,False,False,True,False,False,False,False,False,False,True,False,False,False,False
1,1,1,-0.38087320867351465,0,0,2.0194685842347457,1,-0.5609748304808925,1,False,False,True,False,False,False,False,True,False,False,False,False,False,False
1,1,1,-0.8258677501436402,2,2,2.0194685842347457,1,1.9195639980971482,0,False,False,True,False,False,False,True,False,False,False,False,False,False,False
0,2,1,-0.23254169485013945,1,1,0.06692998123257361,0,0.6792945838081278,0,False,True,False,False,True,False,False,False,False,False,False,False,False,True
0,3,0,-0.08421018102676424,0,0,-0.8102201273647446,0,-0.5609748304808925,1,False,True,False,True,False,False,False,False,False,False,False,False,False,True
0,2,0,1.0282761726485499,1,1,0.07904250358370371,0,0.6792945838081278,0,False,True,False,True,False,False,False,False,False,False,False,False,False,True
1,3,1,-0.23254169485013945,0,0,-0.8122356510839728,0,-0.5609748304808925,1,False,True,True,False,False,False,False,False,False,False,False,False,False,True
1,2,1,-0.38087320867351465,1,0,0.06692998123257361,0,0.059159876663617626,0,False,True,False,False,True,False,False,False,False,False,False,False,False,True
0,2,0,1.8440994986771135,0,0,-0.5144710916216713,0,-0.5609748304808925,1,False,True,False,False,False,True,False,False,False,False,False,False,False,True
1,1,1,0.13828708970829856,0,2,2.0194685842347457,1,0.6792945838081278,0,False,True,True,False,False,False,False,True,False,False,False,False,False,False
1,1,1,0.805778901913487,1,1,2.0194685842347457,1,0.6792945838081278,0,False,False,False,False,True,False,False,False,False,True,False,False,False,False
0,3,0,-0.5292047224968899,0,0,-0.8415091951021839,0,-0.5609748304808925,1,False,True,False,True,False,False,False,False,False,False,False,False,False,True
0,3,0,-0.15837593793845184,0,0,-0.8102201273647446,0,-0.5609748304808925,1,False,True,False,True,False,False,False,False,False,False,False,False,False,True
1,2,1,0.06412133279661097,0,0,-0.5944137391391299,0,-0.5609748304808925,1,True,False,True,False,False,False,False,False,False,False,False,False,False,True
1,2,1,-0.5292047224968899,1,1,0.21228024944613483,0,0.6792945838081278,0,False,True,False,False,True,False,False,False,False,False,False,False,False,True
0,3,0,-0.23254169485013945,8,2,2.0194685842347457,0,5.64037224096421,0,False,True,False,True,False,False,False,False,False,False,False,False,False,True
1,1,1,0.5091158742667365,0,0,2.0194685842347457,1,-0.5609748304808925,1,False,False,True,False,False,False,False,True,False,False,False,False,False,False
0,3,0,2.3632597970589266,0,0,-0.8905649106242608,0,-0.5609748304808925,1,False,True,False,True,False,False,False,False,False,False,False,False,False,True
1,2,1,0.5091158742667365,0,0,-0.5629211810261916,1,-0.5609748304808925,1,False,True,False,False,True,False,False,False,True,False,False,False,False,False
1,3,1,0.13828708970829856,1,1,-0.19833425825717566,0,0.6792945838081278,0,False,True,False,False,True,False,False,False,False,False,False,False,False,True
1,1,1,-0.9741992639670155,0,1,1.6163250803176124,1,0.059159876663617626,0,False,False,True,False,False,False,True,False,False,False,False,False,False,False
1,3,1,-0.8258677501436402,2,0,-0.0663077646298575,0,0.6792945838081278,0,True,False,True,False,False,False,False,False,False,False,False,False,False,True
0,1,0,1.2136905649277687,0,0,0.1880552047438746,1,-0.5609748304808925,1,False,True,False,True,False,False,False,True,False,False,False,False,False,False
0,1,0,0.6574473880901118,0,1,2.0194685842347457,1,0.059159876663617626,0,False,True,False,True,False,False,False,True,False,False,False,False,False,False
0,3,0,-0.9741992639670155,2,0,-0.3206707340035896,0,0.6792945838081278,0,False,True,False,True,False,False,False,False,False,False,False,False,False,True
1,1,1,0.805778901913487,1,0,2.0194685842347457,0,0.059159876663617626,0,False,True,False,False,True,False,False,False,False,False,False,False,False,True
0,3,0,-0.23254169485013945,0,0,-0.8102201273647446,0,-0.5609748304808925,1,False,True,False,True,False,False,False,False,False,False,False,False,False,True
0,1,0,-0.010044424115076634,1,0,2.0194685842347457,1,0.059159876663617626,0,False,True,False,True,False,False,False,True,False,False,False,False,False,False
1,1,1,0.8799446588251746,0,0,2.0194685842347457,1,-0.5609748304808925,1,False,False,True,False,False,False,False,False,False,True,False,False,False,False
1,3,0,1.176607686471925,0,0,-0.8027491235785675,0,-0.5609748304808925,1,False,True,False,True,False,False,False,False,False,False,False,False,False,True
0,1,0,1.176607686471925,0,0,0.5272058305755174,1,-0.5609748304808925,1,False,True,False,True,False,False,False,False,False,False,False,False,True,False
1,2,0,-2.012519860730642,1,1,0.06692998123257361,1,0.6792945838081278,0,False,True,False,False,False,False,False,False,False,False,True,False,False,False
1,1,1,-0.38087320867351465,3,2,2.0194685842347457,1,2.5396987052416584,0,False,True,True,False,False,False,False,True,False,False,False,False,False,False
0,2,0,-0.08421018102676424,0,0,-0.5629211810261916,0,-0.5609748304808925,1,False,True,False,True,False,False,False,False,False,False,False,False,False,True
0,2,0,-0.30670745176182707,0,0,-0.5629211810261916,0,-0.5609748304808925,1,False,True,False,True,False,False,False,False,False,False,False,False,False,True
0,2,0,0.5091158742667365,0,0,-0.5629211810261916,0,-0.5609748304808925,1,False,True,False,True,False,False,False,False,False,False,False,False,False,True
1,2,1,-0.38087320867351465,0,0,-0.5629211810261916,1,-0.5609748304808925,1,False,True,True,False,False,False,False,False,False,False,True,False,False,False
1,2,1,0.805778901913487,0,0,-0.5629211810261916,0,-0.5609748304808925,1,False,True,True,False,False,False,False,False,False,False,False,False,False,True
1,3,1,0.13828708970829856,1,0,-0.4127259038721783,0,0.059159876663617626,0,False,True,False,False,True,False,False,False,False,False,False,False,False,True
1,3,0,-1.9383541038189542,1,1,-0.42241592175308246,0,0.6792945838081278,0,False,True,False,False,False,False,False,False,False,False,False,False,False,True
0,3,0,0.9541104157368622,0,0,-0.7730734438182989,0,-0.5609748304808925,1,False,True,False,True,False,False,False,False,False,False,False,False,False,True
0,3,0,-0.45503896558520224,0,0,-0.7458202685282561,0,-0.5609748304808925,1,False,True,False,True,False,False,False,False,False,False,False,False,False,True
0,1,0,0.805778901913487,0,0,0.5029807858732572,1,-0.5609748304808925,1,False,True,False,True,False,False,False,True,False,False,False,False,False,False
0,3,0,-1.048365020878703,1,1,-0.8425169569617981,0,0.6792945838081278,0,False,False,False,True,False,False,False,False,False,False,False,False,False,True
0,3,0,-0.30670745176182707,1,0,-0.33036075188449365,0,0.059159876663617626,0,False,True,False,True,False,False,False,False,False,False,False,False,False,True
0,3,0,-0.23254169485013945,0,0,-0.8427204473372969,0,-0.5609748304808925,1,False,False,False,True,False,False,False,False,False,False,False,False,False,True
0,3,0,-0.08421018102676424,0,0,-0.732496493942013,0,-0.5609748304808925,1,False,True,False,True,False,False,False,False,False,False,False,False,False,True
1,1,1,-0.5292047224968899,0,1,1.4719825739636652,1,0.059159876663617626,0,False,True,True,False,False,False,False,False,False,True,False,False,False,False
0,2,1,0.6574473880901118,0,0,-0.5629211810261916,0,-0.5609748304808925,1,False,True,True,False,False,False,False,False,False,False,False,False,False,True
1,3,1,-0.8258677501436402,0,0,-0.8110243988488597,0,-0.5609748304808925,1,True,False,True,False,False,False,False,False,False,False,False,False,False,True
1,3,1,-0.8258677501436402,0,0,-0.8110243988488597,0,-0.5609748304808925,1,True,False,True,False,False,False,False,False,False,False,False,False,False,True
0,3,0,0.805778901913487,1,4,0.1589851511011623,0,2.5396987052416584,0,False,True,False,True,False,False,False,False,False,False,False,False,False,True
0,2,0,-0.010044424115076634,1,0,0.15030289507987235,0,0.059159876663617626,0,False,False,False,True,False,False,False,False,False,False,False,False,False,True
0,3,1,1.176607686471925,0,1,-0.49246506101413806,0,0.059159876663617626,0,False,False,False,False,True,False,False,False,False,False,False,False,False,True
0,3,0,0.43495011735504896,0,0,-0.851199212983088,0,-0.5609748304808925,1,False,True,False,True,False,False,False,False,False,False,False,False,False,True
0,3,0,-0.23254169485013945,1,0,-0.4417959575148906,0,0.059159876663617626,0,True,False,False,True,False,False,False,False,False,False,False,False,False,True
0,3,0,0.06412133279661097,0,0,-0.8415091951021839,0,-0.5609748304808925,1,False,True,False,True,False,False,False,False,False,False,False,False,False,True
1,1,1,2.2890940401472393,1,0,2.0194685842347457,1,0.059159876663617626,0,False,False,False,False,True,False,False,False,True,False,False,False,False,False
1,3,1,0.13828708970829856,0,0,-0.8425169569617981,0,-0.5609748304808925,1,False,False,False,False,True,False,False,False,False,False,False,False,False,True
1,3,1,-0.8258677501436402,0,0,-0.8172841503999237,0,-0.5609748304808925,1,True,False,True,False,False,False,False,False,False,False,False,False,False,True
1,1,1,-0.38087320867351465,0,0,2.0194685842347457,1,-0.5609748304808925,1,False,False,False,False,True,False,True,False,False,False,False,False,False,False
1,1,0,-0.30670745176182707,1,0,1.4933829784536419,1,0.059159876663617626,0,False,False,False,True,False,False,False,False,False,True,False,False,False,False
0,3,0,-0.8258677501436402,1,0,-0.8780502525310733,0,0.059159876663617626,0,False,True,False,True,False,False,False,False,False,False,False,False,False,True
0,3,0,-0.7517019932319526,0,0,-0.8027491235785675,0,-0.5609748304808925,1,False,True,False,True,False,False,False,False,False,False,False,False,False,True
0,1,0,-0.5292047224968899,0,0,2.0194685842347457,0,-0.5609748304808925,1,False,False,False,True,False,False,False,False,False,False,False,False,False,True
0,3,1,-1.9383541038189542,3,1,-0.17168670908468942,0,1.9195639980971482,0,False,True,True,False,False,False,False,False,False,False,False,False,False,True
1,1,1,0.805778901913487,1,0,2.0194685842347457,0,0.059159876663617626,0,False,False,False,False,True,False,False,False,False,False,False,False,False,True
1,3,1,-0.5292047224968899,0,0,-0.8415091951021839,0,-0.5609748304808925,1,False,True,True,False,False,False,False,False,False,False,False,False,False,True
0,1,0,-0.15837593793845184,0,2,2.0194685842347457,1,0.6792945838081278,0,False,False,False,True,False,False,False,True,False,False,False,False,False,False
0,3,0,-0.677536236320265,0,0,-0.9983663595493187,0,-0.5609748304808925,1,False,False,False,True,False,False,False,False,False,False,False,False,False,True
0,3,0,-0.7517019932319526,0,0,-0.8160728981648108,0,-0.5609748304808925,1,False,True,False,True,False,False,False,False,False,False,False,False,False,True
1,1,1,0.9541104157368622,0,0,2.0194685842347457,0,-0.5609748304808925,1,False,False,True,False,False,False,False,False,False,False,False,False,False,True
1,3,1,-2.0866856176423294,0,2,-0.43008557090581806,0,0.6792945838081278,0,False,False,True,False,False,False,False,False,False,False,False,False,False,True
0,3,0,0.21245284661998617,0,0,-0.8088053847541327,0,-0.5609748304808925,1,False,True,False,True,False,False,False,False,False,False,False,False,False,True
1,1,1,0.43495011735504896,1,0,1.3266323057501042,0,0.059159876663617626,0,False,True,False,False,True,False,False,False,False,False,False,False,False,True
0,3,0,-0.23254169485013945,0,0,-0.8102201273647446,0,-0.5609748304808925,1,False,True,False,True,False,False,False,False,False,False,False,False,False,True
0,2,0,-0.8258677501436402,0,0,2.0194685842347457,0,-0.5609748304808925,1,False,True,False,True,False,False,False,False,False,False,False,False,False,True
0,3,0,-2.0866856176423294,5,2,1.07953684978705,0,3.779968119530679,0,False,True,False,False,False,False,False,False,False,False,False,False,False,True
1,2,1,0.5091158742667365,0,0,-0.5629211810261916,0,-0.5609748304808925,1,False,True,True,False,False,False,False,False,False,False,False,False,False,True
0,3,0,-0.23254169485013945,0,0,-0.8182919122595378,0,-0.5609748304808925,1,True,False,False,True,False,False,False,False,False,False,False,False,False,True
1,2,1,-0.9000335070553279,0,0,-0.611371270430712,0,-0.5609748304808925,1,False,False,True,False,False,False,False,False,False,False,False,False,False,True
1,1,0,0.5091158742667365,1,2,2.0194685842347457,1,1.299429290952638,0,False,True,False,True,False,False,True,False,False,False,False,False,False,False
1,3,0,-0.6033704794085775,0,0,-0.8150651363051967,0,-0.5609748304808925,1,False,True,False,True,False,False,False,False,False,False,False,False,False,True
0,3,0,-0.08421018102676424,2,0,-0.8088053847541327,0,0.6792945838081278,0,False,True,False,True,False,False,False,False,False,False,False,False,False,True
1,1,1,-0.45503896558520224,1,0,2.0194685842347457,1,0.059159876663617626,0,False,False,True,False,False,False,False,False,True,False,False,False,False,False
1,3,1,-0.38087320867351465,0,2,-0.3836558502294662,1,0.6792945838081278,0,False,True,False,False,True,False,False,False,False,False,False,True,False,False
0,3,0,-0.5292047224968899,0,0,-0.8150651363051967,0,-0.5609748304808925,1,False,True,False,True,False,False,False,False,False,False,False,False,False,True
0,3,1,0.13828708970829856,0,0,-0.8122356510839728,0,-0.5609748304808925,1,False,True,True,False,False,False,False,False,False,False,False,False,False,True
0,2,0,1.2507734433836126,0,0,0.06692998123257361,0,-0.5609748304808925,1,False,True,False,True,False,False,False,False,False,False,False,False,False,True
0,2,0,-0.45503896558520224,0,0,-0.6840464045374927,0,-0.5609748304808925,1,False,True,False,False,False,True,False,False,False,False,False,False,False,True
1,2,1,-0.08421018102676424,0,0,-0.5798787123177738,0,-0.5609748304808925,1,False,True,False,False,True,False,False,False,False,False,False,False,False,True
1,3,0,0.7316131450017994,0,0,-0.8088053847541327,0,-0.5609748304808925,1,False,True,False,True,False,False,False,False,False,False,False,False,False,True
0,3,0,-0.23254169485013945,0,0,-0.8027491235785675,0,-0.5609748304808925,1,False,True,False,True,False,False,False,False,False,False,False,False,False,True
0,3,1,-0.6033704794085775,1,0,-0.7167502148855439,0,0.059159876663617626,0,False,True,True,False,False,False,False,False,False,False,False,False,False,True
0,3,0,-0.08421018102676424,1,0,-0.4248384262233085,0,0.059159876663617626,0,False,True,False,True,False,False,False,False,False,False,False,False,False,True
0,3,1,-0.677536236320265,0,0,-0.7730734438182989,0,-0.5609748304808925,1,False,True,True,False,False,False,False,False,False,False,False,False,False,True
0,2,0,0.3607843604433614,1,0,-0.1753204657900284,0,0.059159876663617626,0,False,True,False,True,False,False,False,False,False,False,False,False,False,True
0,3,0,1.6216022279420506,0,0,-0.8172841503999237,0,-0.5609748304808925,1,False,True,False,True,False,False,False,False,False,False,False,False,False,True
1,2,0,-1.9383541038189542,1,1,-0.28433316695019933,0,0.6792945838081278,0,False,True,False,False,False,False,False,False,False,False,False,False,False,True
0,3,0,-0.6033704794085775,0,0,-0.8160728981648108,0,-0.5609748304808925,1,False,True,False,True,False,False,False,False,False,False,False,False,False,True
0,3,1,-0.8258677501436402,3,1,0.04109154855314285,0,1.9195639980971482,0,False,True,True,False,False,False,False,False,False,False,False,False,False,True
0,3,0,-0.23254169485013945,0,0,-0.8102201273647446,0,-0.5609748304808925,1,False,True,False,True,False,False,False,False,False,False,False,False,False,True
0,3,0,-0.23254169485013945,0,0,-0.8604870951219346,0,-0.5609748304808925,1,True,False,False,True,False,False,False,False,False,False,False,False,False,True
1,1,1,0.2866186035316738,1,0,2.0194685842347457,1,0.059159876663617626,0,True,False,True,False,False,False,False,True,False,False,False,False,False,False
0,2,0,0.13828708970829856,0,0,-0.4649114951697873,0,-0.5609748304808925,1,False,True,False,True,False,False,False,False,False,False,False,False,False,True
1,3,0,1.1024419295602375,0,0,-0.8088053847541327,0,-0.5609748304808925,1,False,True,False,True,False,False,False,False,False,False,False,False,False,True
0,3,1,0.13828708970829856,0,0,-0.8027491235785675,0,-0.5609748304808925,1,False,True,False,False,True,False,False,False,False,False,False,False,False,True
1,2,1,0.3607843604433614,1,1,0.3818555623619562,0,0.6792945838081278,0,False,True,False,False,True,False,False,False,False,False,False,False,False,True
1,2,1,-0.8258677501436402,0,2,-0.5629211810261916,0,0.6792945838081278,0,False,True,True,False,False,False,False,False,False,False,False,False,False,True
0,2,0,0.06412133279661097,0,0,-0.5629211810261916,0,-0.5609748304808925,1,False,True,False,True,False,False,False,False,False,False,False,False,False,True
0,3,1,-1.4191938054371411,0,2,-0.022702684165789206,0,0.6792945838081278,0,False,True,True,False,False,False,False,False,False,False,False,False,False,True
0,3,0,-0.23254169485013945,0,0,-0.8102201273647446,0,-0.5609748304808925,1,False,False,False,True,False,False,False,False,False,False,False,False,False,True
0,3,0,-0.6033704794085775,0,0,-0.8180932668929792,0,-0.5609748304808925,1,True,False,False,True,False,False,False,False,False,False,False,False,False,True
0,3,0,-0.010044424115076634,0,0,-0.8112278892243587,0,-0.5609748304808925,1,False,True,False,True,False,False,False,False,False,False,False,False,False,True
0,3,1,-0.08421018102676424,1,1,-0.495091055859863,0,0.6792945838081278,0,False,True,False,False,True,False,False,False,False,False,False,False,False,True
0,3,0,-0.8258677501436402,1,1,-0.2134749111960883,0,0.6792945838081278,0,False,True,False,True,False,False,False,False,False,False,False,False,False,True
0,3,0,-0.23254169485013945,0,0,-0.8415091951021839,0,-0.5609748304808925,1,False,True,False,True,False,False,False,False,False,False,False,False,False,True
1,2,1,-0.08421018102676424,1,0,0.06692998123257361,0,0.059159876663617626,0,False,True,False,False,True,False,False,False,False,False,False,False,False,True
1,2,1,-0.7517019932319526,0,0,0.06692998123257361,0,-0.5609748304808925,1,False,True,True,False,False,False,False,False,False,False,False,False,False,True
0,3,0,-0.23254169485013945,0,0,-0.8172841503999237,0,-0.5609748304808925,1,True,False,False,True,False,False,False,False,False,False,False,False,False,True
1,3,0,0.21245284661998617,0,0,-0.8027491235785675,1,-0.5609748304808925,1,False,True,False,True,False,False,False,False,False,True,False,False,False,False
1,1,0,-0.08421018102676424,0,0,0.09357753040505987,1,-0.5609748304808925,1,False,True,False,True,False,False,False,True,False,False,False,False,False,False
1,3,1,0.13828708970829856,1,0,-0.4127259038721783,0,0.059159876663617626,0,False,True,False,False,True,False,False,False,False,False,False,False,False,True
1,2,1,0.9541104157368622,1,0,0.06692998123257361,0,0.059159876663617626,0,False,True,False,False,True,False,False,False,False,False,False,False,False,True
0,3,0,-0.9000335070553279,0,0,-0.8475654562777489,0,-0.5609748304808925,1,False,True,False,True,False,False,False,False,False,False,False,False,False,True
0,1,0,1.547436471030363,1,0,1.5155876544277336,1,0.059159876663617626,0,False,True,False,True,False,False,False,False,False,True,False,False,False,False
1,1,1,-1.1225307777903908,1,2,2.0194685842347457,1,1.299429290952638,0,False,True,True,False,False,False,True,False,False,False,False,False,False,False
0,3,1,-0.6033704794085775,2,2,0.472699479995432,0,1.9195639980971482,0,False,True,True,False,False,False,False,False,False,False,False,False,False,True
1,2,1,-0.38087320867351465,2,3,-0.28433316695019933,0,2.5396987052416584,0,False,True,False,False,True,False,False,False,False,False,False,False,False,True
0,1,0,2.585757067793989,1,4,2.0194685842347457,1,2.5396987052416584,0,False,True,False,True,False,False,False,True,False,False,False,False,False,False
0,2,0,0.13828708970829856,0,0,-0.6840464045374927,0,-0.5609748304808925,1,False,True,False,True,False,False,False,False,False,False,False,False,False,True
1,2,1,1.176607686471925,1,1,0.07904250358370371,0,0.6792945838081278,0,False,True,False,False,True,False,False,False,False,False,False,False,False,True
0,3,0,-0.677536236320265,0,0,-0.732496493942013,0,-0.5609748304808925,1,False,True,False,True,False,False,False,False,False,False,False,False,False,True
0,3,0,-0.30670745176182707,1,0,-0.8160728981648108,0,0.059159876663617626,0,False,True,False,True,False,False,False,False,False,False,False,False,False,True
1,2,1,-0.08421018102676424,0,0,-0.5629211810261916,0,-0.5609748304808925,1,False,True,True,False,False,False,False,False,False,False,False,False,False,True
1,3,0,-0.23254169485013945,0,0,-0.799720992990785,0,-0.5609748304808925,1,False,True,False,True,False,False,False,False,False,False,False,False,False,True
1,1,0,-1.8641883469072666,0,2,2.0194685842347457,1,0.6792945838081278,0,False,True,False,False,False,False,False,False,False,False,False,False,False,False
1,2,1,-1.1966965347020784,0,1,-0.247995599896809,0,0.059159876663617626,0,False,True,True,False,False,False,False,False,False,False,False,False,False,True
1,1,0,0.3607843604433614,0,0,0.09357753040505987,0,-0.5609748304808925,1,False,True,False,True,False,False,False,False,False,False,False,False,False,True
1,3,1,-1.790022589995579,2,1,-0.25970598650588167,0,1.299429290952638,0,False,False,True,False,False,False,False,False,False,False,False,False,False,True
1,1,0,1.6957679848537381,0,0,0.28495538355291544,1,-0.5609748304808925,1,False,True,False,False,False,True,False,True,False,False,False,False,False,False
0,2,0,0.5091158742667365,1,2,0.15171763769048432,0,1.299429290952638,0,False,True,False,True,False,False,False,False,False,False,False,False,False,True
0,3,0,-0.23254169485013945,1,0,-0.22538394317171936,0,0.059159876663617626,0,False,True,False,True,False,False,False,False,False,False,False,False,False,True
0,1,0,0.06412133279661097,0,0,0.15171763769048432,1,-0.5609748304808925,1,False,False,False,True,False,False,False,True,False,False,False,False,False,False
1,1,0,1.4732707141186754,1,0,2.0194685842347457,1,0.059159876663617626,0,False,False,False,True,False,False,False,True,False,False,False,False,False,False
0,3,0,-0.23254169485013945,0,0,-0.8027491235785675,0,-0.5609748304808925,1,False,True,False,True,False,False,False,False,False,False,False,False,False,True
1,3,0,-0.010044424115076634,0,0,-0.8102201273647446,0,-0.5609748304808925,1,False,False,False,True,False,False,False,False,False,False,False,False,False,True
0,1,0,2.659922824705677,0,0,0.09357753040505987,1,-0.5609748304808925,1,False,True,False,True,False,False,False,False,False,True,False,False,False,False
1,1,1,0.805778901913487,1,0,1.3199704184569823,1,0.059159876663617626,0,False,True,False,False,True,False,False,False,True,False,False,False,False,False
1,2,1,1.547436471030363,0,0,-0.6840464045374927,0,-0.5609748304808925,1,False,True,True,False,False,False,False,False,False,False,False,False,False,True
0,3,0,-0.23254169485013945,0,0,-0.8172841503999237,0,-0.5609748304808925,1,True,False,False,True,False,False,False,False,False,False,False,False,False,True
1,1,0,1.3991049572069878,0,0,0.09357753040505987,1,-0.5609748304808925,1,False,True,False,True,False,False,False,False,False,True,False,False,False,False
0,3,0,0.3607843604433614,0,0,-0.8027491235785675,0,-0.5609748304808925,1,False,True,False,True,False,False,False,False,False,False,False,False,False,True
0,1,0,1.3249392002953002,0,0,0.6725560987890786,1,-0.5609748304808925,1,False,True,False,True,False,False,False,False,False,True,False,False,False,False
0,2,0,1.3991049572069878,0,0,-0.5629211810261916,0,-0.5609748304808925,1,False,True,False,True,False,False,False,False,False,False,False,False,False,True
0,3,0,-0.23254169485013945,0,0,-0.8027491235785675,0,-0.5609748304808925,1,False,True,False,True,False,False,False,False,False,False,False,False,False,True
0,3,0,0.6574473880901118,0,0,-0.851199212983088,0,-0.5609748304808925,1,False,True,False,True,False,False,False,False,False,False,False,False,False,True
0,2,0,0.13828708970829856,0,0,-0.4649114951697873,0,-0.5609748304808925,1,False,True,False,True,False,False,False,False,False,False,False,False,False,True
0,1,0,1.9924310125004887,0,0,0.09357753040505987,0,-0.5609748304808925,1,False,True,False,True,False,False,False,False,False,False,False,False,False,True
0,3,0,-0.23254169485013945,0,0,-0.8184954026350366,0,-0.5609748304808925,1,True,False,False,True,False,False,False,False,False,False,False,False,False,True
1,3,1,-2.1052270568702514,2,1,-0.25970598650588167,0,1.299429290952638,0,False,False,True,False,False,False,False,False,False,False,False,False,False,True
0,3,0,-0.23254169485013945,0,0,-0.8415091951021839,0,-0.5609748304808925,1,False,True,False,True,False,False,False,False,False,False,False,False,False,True
0,3,0,0.6574473880901118,0,0,-0.7730734438182989,0,-0.5609748304808925,1,False,True,False,True,False,False,False,False,False,False,False,False,False,True
1,2,1,0.2866186035316738,1,2,0.15171763769048432,0,1.299429290952638,0,False,True,False,False,True,False,False,False,False,False,False,False,False,True
1,2,1,-0.45503896558520224,0,0,-0.5245632452446328,1,-0.5609748304808925,1,False,False,False,False,True,False,False,False,True,False,False,False,False,False
0,3,1,-0.5292047224968899,0,0,-0.7161445887679874,0,-0.5609748304808925,1,False,True,True,False,False,False,False,False,False,False,False,False,False,True
0,1,0,0.805778901913487,0,0,1.3266323057501042,1,-0.5609748304808925,1,False,True,False,True,False,False,False,False,False,False,False,False,False,False
0,2,0,0.3607843604433614,1,0,-0.1753204657900284,0,0.059159876663617626,0,False,True,False,True,False,False,False,False,False,False,False,False,False,True
0,3,0,-0.010044424115076634,1,0,-0.851402703358587,0,0.059159876663617626,0,False,True,False,True,False,False,False,False,False,False,False,False,False,True
0,3,0,-0.5292047224968899,0,0,-0.8283889108914397,0,-0.5609748304808925,1,False,True,False,True,False,False,False,False,False,False,False,False,False,True
1,3,1,-2.012519860730642,0,1,-0.5974418697269124,0,0.059159876663617626,0,False,True,True,False,False,False,False,False,False,False,False,False,False,True
0,3,0,-1.4933595623488287,5,2,1.07953684978705,0,3.779968119530679,0,False,True,False,False,False,False,False,False,False,False,False,False,False,True
0,2,0,0.13828708970829856,0,0,-0.4649114951697873,0,-0.5609748304808925,1,False,True,False,True,False,False,False,False,False,False,False,False,False,True
0,3,0,1.547436471030363,0,0,-0.8027491235785675,0,-0.5609748304808925,1,False,True,False,True,False,False,False,False,False,False,False,False,False,True
1,3,1,2.511591310882302,0,0,-0.7282571111191175,0,-0.5609748304808925,1,False,True,False,False,True,False,False,False,False,False,False,False,False,True
1,1,0,-0.30670745176182707,1,0,2.0194685842347457,1,0.059159876663617626,0,False,False,False,True,False,False,True,False,False,False,False,False,False,False
0,3,1,-0.8258677501436402,3,1,0.04109154855314285,0,1.9195639980971482,0,False,True,True,False,False,False,False,False,False,False,False,False,False,True
1,1,1,0.43495011735504896,1,0,2.0194685842347457,1,0.059159876663617626,0,False,True,False,False,True,False,False,True,False,False,False,False,False,False
0,1,0,2.1407625263238637,0,0,0.24619531202929906,1,-0.5609748304808925,1,False,False,False,True,False,False,True,False,False,False,False,False,False,False
0,3,0,0.06412133279661097,0,0,-0.8027491235785675,0,-0.5609748304808925,1,False,True,False,True,False,False,False,False,False,False,False,False,False,True
1,3,0,-1.4933595623488287,1,1,-0.42241592175308246,0,0.6792945838081278,0,False,True,False,False,False,False,False,False,False,False,False,False,False,True
0,3,0,-0.23254169485013945,1,0,-0.22538394317171936,0,0.059159876663617626,0,False,True,False,True,False,False,False,False,False,False,False,False,False,True
0,3,0,-0.6033704794085775,0,0,-0.8415091951021839,0,-0.5609748304808925,1,False,True,False,True,False,False,False,False,False,False,False,False,False,True
0,1,0,1.9182652555888011,0,0,0.28495538355291544,1,-0.5609748304808925,1,False,True,False,True,False,False,False,True,False,False,False,False,False,False
0,1,0,3.1049173661758025,0,0,1.2057105726143018,0,-0.5609748304808925,1,False,False,False,True,False,False,False,False,False,False,False,False,False,True
0,3,0,-0.6033704794085775,0,0,-0.8027491235785675,0,-0.5609748304808925,1,False,True,False,True,False,False,False,False,False,False,False,False,False,True
0,3,0,-0.23254169485013945,0,0,-0.49226641564757956,0,-0.5609748304808925,1,False,False,False,True,False,False,False,False,False,False,False,False,False,True
1,1,1,1.8440994986771135,1,0,2.0194685842347457,1,0.059159876663617626,0,False,False,True,False,False,False,False,False,True,False,False,False,False,False
0,3,0,-0.23254169485013945,0,0,-0.4611759932766988,0,-0.5609748304808925,1,False,True,False,True,False,False,False,False,False,False,False,False,False,True
0,1,1,-0.30670745176182707,1,2,2.0194685842347457,1,1.299429290952638,0,False,True,False,False,True,False,False,True,False,False,False,False,False,False
0,3,0,-0.38087320867351465,0,0,-0.8150651363051967,0,-0.5609748304808925,1,False,True,False,True,False,False,False,False,False,False,False,False,False,True
0,3,0,-0.9000335070553279,0,0,-0.7730734438182989,0,-0.5609748304808925,1,False,True,False,True,False,False,False,False,False,False,False,False,False,True
0,3,1,-0.6033704794085775,0,0,-0.8172841503999237,0,-0.5609748304808925,1,True,False,True,False,False,False,False,False,False,False,False,False,False,True
0,3,1,-0.8258677501436402,0,0,-0.8231369211999897,0,-0.5609748304808925,1,True,False,True,False,False,False,False,False,False,False,False,False,False,True
0,3,1,0.5832816311784242,0,0,-0.7282571111191175,0,-0.5609748304808925,1,False,True,True,False,False,False,False,False,False,False,False,False,False,True
1,1,1,-0.9741992639670155,0,0,2.0194685842347457,1,-0.5609748304808925,1,False,True,True,False,False,False,True,False,False,False,False,False,False,False
0,1,0,-0.8258677501436402,1,0,2.0194685842347457,1,0.059159876663617626,0,False,False,False,True,False,False,False,True,False,False,False,False,False,False
1,2,1,0.2866186035316738,0,2,0.06692998123257361,0,0.6792945838081278,0,False,True,False,False,True,False,False,False,False,False,False,False,False,True
1,1,0,0.805778901913487,0,0,0.09357753040505987,0,-0.5609748304808925,1,False,True,False,True,False,False,False,False,False,False,False,False,False,True
0,3,0,-0.08421018102676424,0,0,-0.10143407944813486,0,-0.5609748304808925,1,False,True,False,True,False,False,False,False,False,False,False,False,False,True
1,3,0,-0.23254169485013945,0,0,1.544454217694947,0,-0.5609748304808925,1,False,True,False,True,False,False,False,False,False,False,False,False,False,True
1,3,0,-0.010044424115076634,0,0,-0.8172841503999237,0,-0.5609748304808925,1,True,False,False,True,False,False,False,False,False,False,False,False,False,True
0,3,0,-0.23254169485013945,0,0,-0.8027491235785675,0,-0.5609748304808925,1,False,True,False,True,False,False,False,False,False,False,False,False,False,True
1,1,0,0.5091158742667365,0,0,0.08085938193637329,1,-0.5609748304808925,1,False,True,False,True,False,False,False,False,False,True,False,False,False,False
1,1,1,1.8440994986771135,1,0,1.6851629673435549,0,0.059159876663617626,0,False,False,False,False,True,False,False,False,False,False,False,False,False,True
0,3,0,-0.38087320867351465,0,0,-0.8296001631265528,0,-0.5609748304808925,1,False,True,False,True,False,False,False,False,False,False,False,False,False,True
0,1,0,1.3249392002953002,0,0,0.45553845832835094,1,-0.5609748304808925,1,False,True,False,True,False,False,False,False,True,False,False,False,False,False
1,2,1,0.3607843604433614,0,0,-0.6840464045374927,1,-0.5609748304808925,1,False,True,False,False,True,False,False,False,False,False,True,False,False,False
0,3,0,-0.23254169485013945,0,0,-0.022702684165789206,0,-0.5609748304808925,1,True,False,False,True,False,False,False,False,False,False,False,False,False,True
1,2,1,0.5091158742667365,1,0,0.06692998123257361,0,0.059159876663617626,0,False,True,False,False,True,False,False,False,False,False,False,False,False,True
0,3,0,0.21245284661998617,0,0,-0.8102201273647446,0,-0.5609748304808925,1,False,True,False,True,False,False,False,False,False,False,False,False,False,True
1,1,1,0.06412133279661097,0,0,2.0194685842347457,1,-0.5609748304808925,1,False,True,True,False,False,False,True,False,False,False,False,False,False,False
0,3,0,-0.5292047224968899,0,0,-0.8102201273647446,0,-0.5609748304808925,1,False,True,False,True,False,False,False,False,False,False,False,False,False,True
0,3,0,-0.23254169485013945,0,0,-0.8427204473372969,0,-0.5609748304808925,1,False,False,False,True,False,False,False,False,False,False,False,False,False,True
1,1,1,1.1024419295602375,0,1,1.6163250803176124,1,0.059159876663617626,0,False,False,False,False,True,False,True,False,False,False,False,False,False,False
0,3,0,-0.23254169485013945,0,0,-0.8425169569617981,0,-0.5609748304808925,1,False,False,False,True,False,False,False,False,False,False,False,False,False,True
0,3,0,0.8428617803693308,0,0,-0.8172841503999237,0,-0.5609748304808925,1,True,False,False,True,False,False,False,False,False,False,False,False,False,True
1,2,1,1.547436471030363,0,0,-0.6840464045374927,0,-0.5609748304808925,1,False,True,True,False,False,False,False,False,False,False,False,False,False,True
0,1,0,0.805778901913487,0,0,2.0194685842347457,1,-0.5609748304808925,1,False,True,False,True,False,False,False,True,False,False,False,False,False,False
0,3,0,0.7316131450017994,0,0,-0.8088053847541327,0,-0.5609748304808925,1,False,True,False,True,False,False,False,False,False,False,False,False,False,True
0,2,0,-0.45503896558520224,2,1,-0.6355963151329722,0,1.299429290952638,0,False,True,False,True,False,False,False,False,False,False,False,False,False,True
1,2,1,-2.012519860730642,1,1,0.06692998123257361,0,0.6792945838081278,0,False,True,True,False,False,False,False,False,False,False,False,False,False,True
0,3,0,-0.23254169485013945,0,0,-0.8425169569617981,0,-0.5609748304808925,1,False,False,False,True,False,False,False,False,False,False,False,False,False,True
0,3,0,-0.9000335070553279,1,1,-0.8425169569617981,0,0.6792945838081278,0,False,False,False,True,False,False,False,False,False,False,False,False,False,True
1,3,1,0.13828708970829856,0,2,-0.10951070935186835,0,0.6792945838081278,0,False,False,False,False,True,False,False,False,False,False,False,False,False,True
0,3,1,0.06412133279661097,0,0,-0.7730734438182989,0,-0.5609748304808925,1,False,True,True,False,False,False,False,False,False,False,False,False,False,True
1,2,1,-1.641691076172204,0,2,0.07904250358370371,0,0.6792945838081278,0,False,True,True,False,False,False,False,False,False,False,False,False,False,True
0,1,0,1.176607686471925,0,0,0.09357753040505987,1,-0.5609748304808925,1,False,True,False,False,False,True,True,False,False,False,False,False,False,False
1,1,1,0.06412133279661097,0,0,2.0194685842347457,0,-0.5609748304808925,1,False,False,True,False,False,False,False,False,False,False,False,False,False,True
0,3,0,-0.23254169485013945,0,0,-0.49024604691941104,0,-0.5609748304808925,1,False,True,False,True,False,False,False,False,False,False,False,False,False,True
1,1,1,-0.5292047224968899,0,2,1.205507082238803,1,0.6792945838081278,0,False,False,True,False,False,False,True,False,False,False,False,False,False,False
1,1,1,0.5091158742667365,0,2,2.0194685842347457,1,0.6792945838081278,0,False,True,True,False,False,False,True,False,False,False,False,False,False,False
0,3,1,-1.4933595623488287,4,2,0.3225042028414187,0,3.1598334123861687,0,False,True,True,False,False,False,False,False,False,False,False,False,False,True
0,3,1,-1.3450280485254535,4,2,0.3225042028414187,0,3.1598334123861687,0,False,True,True,False,False,False,False,False,False,False,False,False,False,True
1,2,0,0.21245284661998617,1,0,0.06692998123257361,0,0.059159876663617626,0,False,True,False,True,False,False,False,False,False,False,False,False,False,True
0,1,0,1.547436471030363,1,0,2.0194685842347457,1,0.059159876663617626,0,False,False,False,True,False,False,False,True,False,False,False,False,False,False
0,1,0,2.585757067793989,0,0,0.06692998123257361,0,-0.5609748304808925,1,False,True,False,True,False,False,False,False,False,False,False,False,False,True
1,2,1,-0.7517019932319526,1,0,0.06692998123257361,0,0.059159876663617626,0,False,True,False,False,True,False,False,False,False,False,False,False,False,True
1,2,0,0.13828708970829856,0,0,-0.5211329789147927,0,-0.5609748304808925,1,False,False,False,True,False,False,False,False,False,False,False,False,False,True
0,3,0,0.2866186035316738,1,1,-0.19833425825717566,0,0.6792945838081278,0,False,True,False,True,False,False,False,False,False,False,False,False,False,True
1,2,0,-1.5675253192605163,1,1,0.587768442331168,0,0.6792945838081278,0,False,True,False,False,False,False,False,False,False,False,False,False,False,True
1,1,0,-0.9000335070553279,0,2,2.0194685842347457,1,0.6792945838081278,0,False,False,False,True,False,False,False,True,False,False,False,False,False,False
0,2,0,-0.15837593793845184,0,0,0.06692998123257361,0,-0.5609748304808925,1,False,True,False,True,False,False,False,False,False,False,False,False,False,True
0,3,0,-0.23254169485013945,0,0,-0.8134469033190858,0,-0.5609748304808925,1,True,False,False,True,False,False,False,False,False,False,False,False,False,True
1,3,0,-0.5292047224968899,0,0,-0.8427204473372969,0,-0.5609748304808925,1,False,False,False,True,False,False,False,False,False,False,False,False,False,True
1,3,1,-0.5292047224968899,0,0,-0.8160728981648108,0,-0.5609748304808925,1,False,True,True,False,False,False,False,False,False,False,False,False,False,True
0,1,0,2.437425553970614,0,0,0.09357753040505987,0,-0.5609748304808925,1,False,True,False,True,False,False,False,False,False,False,False,False,False,True
1,1,1,1.3991049572069878,1,0,0.7258511971340511,1,0.059159876663617626,0,False,False,False,False,False,True,False,False,False,False,False,False,False,False
0,1,0,0.805778901913487,0,0,2.0194685842347457,0,-0.5609748304808925,1,False,False,False,True,False,False,False,False,False,False,False,False,False,True
1,1,1,0.7316131450017994,1,1,2.0194685842347457,1,0.6792945838081278,0,False,True,False,False,True,False,False,False,False,True,False,False,False,False
1,3,1,0.5091158742667365,1,0,-0.3497407876463019,0,0.059159876663617626,0,False,True,False,False,True,False,False,False,False,False,False,False,False,True
0,3,0,-0.23254169485013945,0,0,-0.8172841503999237,0,-0.5609748304808925,1,True,False,False,True,False,False,False,False,False,False,False,False,False,True
0,3,0,0.805778901913487,0,0,-0.8102201273647446,0,-0.5609748304808925,1,False,True,False,True,False,False,False,False,False,False,False,False,False,True
0,2,0,-0.08421018102676424,0,0,-0.5386961363239314,0,-0.5609748304808925,1,False,True,False,True,False,False,False,False,False,False,False,False,False,True
0,3,0,-0.23254169485013945,0,0,-0.8027491235785675,0,-0.5609748304808925,1,False,True,False,True,False,False,False,False,False,False,False,False,False,True
0,3,1,-0.8258677501436402,0,0,-0.8027491235785675,0,-0.5609748304808925,1,False,True,True,False,False,False,False,False,False,False,False,False,False,True
0,3,0,-0.38087320867351465,2,0,-0.022702684165789206,0,0.6792945838081278,0,False,True,False,True,False,False,False,False,False,False,False,False,False,True
0,3,0,-0.7517019932319526,0,0,-0.8102201273647446,0,-0.5609748304808925,1,False,True,False,True,False,False,False,False,False,False,False,False,False,True
0,3,1,-0.010044424115076634,0,4,-0.17168670908468942,0,1.9195639980971482,0,False,True,False,False,True,False,False,False,False,False,False,False,False,True
0,3,0,-0.23254169485013945,0,0,-0.8425169569617981,0,-0.5609748304808925,1,False,False,False,True,False,False,False,False,False,False,False,False,False,True
1,3,0,0.21245284661998617,0,0,-0.8122356510839728,0,-0.5609748304808925,1,False,True,False,True,False,False,False,False,False,False,False,False,False,True
1,2,0,2.437425553970614,0,0,-0.6840464045374927,0,-0.5609748304808925,1,False,True,False,True,False,False,False,False,False,False,False,False,False,True
1,1,1,1.769933741765426,2,0,1.3013994991882298,1,0.6792945838081278,0,False,True,False,False,True,False,False,True,False,False,False,False,False,False
1,1,0,0.5091158742667365,0,0,0.08570439087682523,1,-0.5609748304808925,1,False,True,False,True,False,False,False,False,False,True,False,False,False,False
1,3,1,-0.8258677501436402,0,0,-0.8172841503999237,0,-0.5609748304808925,1,True,False,True,False,False,False,False,False,False,False,False,False,False,True
0,3,0,-0.9741992639670155,0,0,-0.8027491235785675,0,-0.5609748304808925,1,False,True,False,True,False,False,False,False,False,False,False,False,False,True
0,3,0,-0.7517019932319526,0,0,-0.49024604691941104,0,-0.5609748304808925,1,False,True,False,True,False,False,False,False,False,False,False,False,False,True
1,2,1,0.3607843604433614,0,0,-0.5629211810261916,0,-0.5609748304808925,1,False,True,True,False,False,False,False,False,False,False,False,False,False,True
1,1,1,0.7316131450017994,1,0,1.5155876544277336,1,0.059159876663617626,0,False,True,False,False,True,False,False,False,False,True,False,False,False,False
0,3,1,0.13828708970829856,1,0,-0.49226641564757956,0,0.059159876663617626,0,False,False,False,False,True,False,False,False,False,False,False,False,False,True
1,3,0,0.21245284661998617,0,0,-0.8088053847541327,0,-0.5609748304808925,1,False,True,False,True,False,False,False,False,False,False,False,False,False,True
1,2,1,-0.30670745176182707,1,1,0.2607303388506552,0,0.6792945838081278,0,False,True,True,False,False,False,False,False,False,False,False,False,False,True
1,1,1,0.7316131450017994,1,1,2.0194685842347457,1,0.6792945838081278,0,False,False,False,False,True,False,False,True,False,False,False,False,False,False
0,2,0,1.8440994986771135,0,0,0.06692998123257361,0,-0.5609748304808925,1,False,True,False,True,False,False,False,False,False,False,False,False,False,True
0,1,0,0.5091158742667365,0,0,0.7512874940714243,1,-0.5609748304808925,1,False,False,False,True,False,False,False,False,False,False,False,False,False,False
0,3,0,-0.23254169485013945,0,0,-0.7706509393480728,0,-0.5609748304808925,1,False,False,False,True,False,False,False,False,False,False,False,False,False,True
1,1,1,-0.8258677501436402,0,2,2.0194685842347457,1,0.6792945838081278,0,False,True,True,False,False,False,False,False,False,True,False,False,False,False
0,2,0,1.3249392002953002,0,0,-0.4660210022171508,0,-0.5609748304808925,1,False,True,False,True,False,False,False,False,False,False,False,False,False,True
1,1,0,2.2890940401472393,1,1,2.0194685842347457,1,0.6792945838081278,0,False,False,False,True,False,False,True,False,False,False,False,False,False,False
0,3,0,-0.5292047224968899,0,0,-0.8027491235785675,0,-0.5609748304808925,1,False,True,False,True,False,False,False,False,False,False,False,False,False,True
0,3,0,-0.23254169485013945,0,0,-0.8027491235785675,0,-0.5609748304808925,1,False,True,False,True,False,False,False,False,False,False,False,False,False,True
0,3,0,0.43495011735504896,0,0,-0.8475654562777489,0,-0.5609748304808925,1,False,True,False,True,False,False,False,False,False,False,False,False,False,True
1,1,1,1.6957679848537381,1,0,2.0194685842347457,1,0.059159876663617626,0,False,False,False,False,True,False,False,False,True,False,False,False,False,False
0,3,0,1.3249392002953002,0,0,-0.8415091951021839,0,-0.5609748304808925,1,False,True,False,True,False,False,False,False,False,False,False,False,False,True
0,3,1,-0.8258677501436402,0,2,-0.8172841503999237,0,0.6792945838081278,0,True,False,True,False,False,False,False,False,False,False,False,False,False,True
0,2,0,0.5832816311784242,1,0,0.06692998123257361,0,0.059159876663617626,0,False,True,False,True,False,False,False,False,False,False,False,False,False,True
0,3,0,0.5091158742667365,1,1,-0.022702684165789206,0,0.6792945838081278,0,False,True,False,True,False,False,False,False,False,False,False,False,False,True
1,2,1,-0.38087320867351465,0,0,0.40608060706421645,0,-0.5609748304808925,1,False,True,True,False,False,False,False,False,False,False,False,False,False,True
0,3,0,1.4732707141186754,0,0,-0.8027491235785675,0,-0.5609748304808925,1,False,True,False,True,False,False,False,False,False,False,False,False,False,True
0,3,0,-0.23254169485013945,0,0,-0.8427204473372969,0,-0.5609748304808925,1,False,False,False,True,False,False,False,False,False,False,False,False,False,True
1,1,0,1.4732707141186754,1,0,1.565452486442866,1,0.059159876663617626,0,False,False,False,False,False,True,False,False,False,False,False,False,False,False
1,2,1,-0.38087320867351465,2,1,0.115380070637094,0,1.299429290952638,0,False,True,False,False,True,False,False,False,False,False,False,False,False,True
0,3,0,-0.23254169485013945,0,0,-0.8102201273647446,0,-0.5609748304808925,1,False,True,False,True,False,False,False,False,False,False,False,False,False,True
0,1,0,0.805778901913487,0,0,0.8615114474667082,0,-0.5609748304808925,1,False,True,False,True,False,False,False,False,False,False,False,False,False,True
0,3,0,1.1024419295602375,0,0,-0.8027491235785675,0,-0.5609748304808925,1,False,True,False,True,False,False,False,False,False,False,False,False,False,True
1,1,0,0.43495011735504896,0,0,0.09357753040505987,0,-0.5609748304808925,1,False,False,False,True,False,False,False,False,False,False,False,False,False,True
0,3,0,0.5091158742667365,1,0,-0.4393734530446646,0,0.059159876663617626,0,False,True,False,True,False,False,False,False,False,False,False,False,False,True
0,3,0,0.06412133279661097,0,0,-0.8102201273647446,0,-0.5609748304808925,1,False,True,False,True,False,False,False,False,False,False,False,False,False,True
1,1,0,-0.15837593793845184,0,0,0.28495538355291544,0,-0.5609748304808925,1,False,True,False,True,False,False,False,False,False,False,False,False,False,True
1,2,1,-0.5292047224968899,1,2,0.8217436140834778,0,1.299429290952638,0,False,False,False,False,True,False,False,False,False,False,False,False,False,True
1,1,1,0.805778901913487,0,0,2.0194685842347457,1,-0.5609748304808925,1,False,True,True,False,False,False,False,True,False,False,False,False,False,False
0,3,1,0.7316131450017994,1,5,0.3225042028414187,0,3.1598334123861687,0,False,True,False,False,True,False,False,False,False,False,False,False,False,True
0,3,0,-0.23254169485013945,0,0,-0.851199212983088,0,-0.5609748304808925,1,False,True,False,True,False,False,False,False,False,False,False,False,False,True
1,3,1,-0.8258677501436402,1,0,-0.4417959575148906,0,0.059159876663617626,0,True,False,True,False,False,False,False,False,False,False,False,False,False,True
0,3,0,-0.23254169485013945,0,0,-0.8172841503999237,0,-0.5609748304808925,1,True,False,False,True,False,False,False,False,False,False,False,False,False,True
0,3,0,0.43495011735504896,0,0,-0.8027491235785675,0,-0.5609748304808925,1,False,True,False,True,False,False,False,False,False,False,False,False,False,True
1,2,1,-0.38087320867351465,1,2,1.9564834680088692,0,1.299429290952638,0,False,True,True,False,False,False,False,False,False,False,False,False,False,True
0,3,0,0.3607843604433614,1,1,-0.495091055859863,0,0.6792945838081278,0,False,True,False,True,False,False,False,False,False,False,False,False,False,True
0,3,1,-0.23254169485013945,1,0,-0.4127259038721783,0,0.059159876663617626,0,False,True,False,False,True,False,False,False,False,False,False,False,False,True
1,2,1,-1.8641883469072666,2,1,0.6967811434913388,1,1.299429290952638,0,False,True,True,False,False,False,False,False,False,False,True,False,False,False
0,2,0,-0.23254169485013945,0,0,-0.6840464045374927,0,-0.5609748304808925,1,False,True,False,True,False,False,False,False,False,False,False,False,False,True
0,3,0,-0.15837593793845184,1,0,-0.49246506101413806,0,0.059159876663617626,0,False,False,False,True,False,False,False,False,False,False,False,False,False,True
1,1,0,0.9541104157368622,1,0,1.3534833452980894,1,0.059159876663617626,0,False,True,False,True,False,False,False,False,True,False,False,False,False,False
1,3,0,-0.677536236320265,1,1,-0.43008557090581806,0,0.6792945838081278,0,False,False,False,True,False,False,False,False,False,False,False,False,False,True
0,3,0,-0.6033704794085775,0,0,-0.8122356510839728,0,-0.5609748304808925,1,False,True,False,True,False,False,False,False,False,False,False,False,False,True
0,3,0,-0.6033704794085775,0,0,-0.4127259038721783,0,-0.5609748304808925,1,False,True,False,True,False,False,False,False,False,False,False,False,False,True
0,1,0,2.3632597970589266,0,0,0.3731733063406661,1,-0.5609748304808925,1,False,True,False,True,False,False,False,False,True,False,False,False,False,False
0,2,0,2.0665967694121763,0,0,-0.5944137391391299,0,-0.5609748304808925,1,True,False,False,False,False,True,False,False,False,False,False,False,False,True
1,1,1,-0.6033704794085775,0,0,2.0194685842347457,1,-0.5609748304808925,1,False,True,True,False,False,False,False,False,True,False,False,False,False,False
0,3,0,-0.23254169485013945,0,0,-0.8102201273647446,0,-0.5609748304808925,1,False,True,False,True,False,False,False,False,False,False,False,False,False,True
0,3,0,-0.23254169485013945,0,0,-0.8180932668929792,0,-0.5609748304808925,1,True,False,False,True,False,False,False,False,False,False,False,False,False,True
1,1,0,3.772409178380991,0,0,0.2607303388506552,1,-0.5609748304808925,1,False,True,False,True,False,False,False,False,False,False,False,False,False,False
0,3,0,1.6216022279420506,0,0,-0.8509957226075889,0,-0.5609748304808925,1,False,True,False,True,False,False,False,False,False,False,False,False,False,True
1,1,0,0.21245284661998617,0,0,0.28495538355291544,1,-0.5609748304808925,1,False,False,False,False,False,True,True,False,False,False,False,False,False,False
0,1,0,0.805778901913487,0,0,1.810125437935694,0,-0.5609748304808925,1,False,True,False,True,False,False,False,False,False,False,False,False,False,True
0,3,1,-1.4933595623488287,3,2,0.1589851511011623,0,2.5396987052416584,0,False,True,True,False,False,False,False,False,False,False,False,False,False,True
1,2,1,-0.08421018102676424,0,0,-0.5629211810261916,0,-0.5609748304808925,1,False,True,True,False,False,False,False,False,False,False,False,False,False,True
0,3,0,0.21245284661998617,0,0,-0.8088053847541327,0,-0.5609748304808925,1,False,True,False,True,False,False,False,False,False,False,False,False,False,True
0,2,0,0.13828708970829856,1,1,0.07904250358370371,0,0.6792945838081278,0,False,True,False,True,False,False,False,False,False,False,False,False,False,True
0,3,1,0.8799446588251746,0,5,0.7300905799569466,0,2.5396987052416584,0,False,True,False,False,True,False,False,False,False,False,False,False,False,True
0,3,0,-0.23254169485013945,1,0,-0.4127259038721783,0,0.059159876663617626,0,False,True,False,True,False,False,False,False,False,False,False,False,False,True
0,3,0,-0.677536236320265,0,0,-0.8122356510839728,0,-0.5609748304808925,1,False,True,False,True,False,False,False,False,False,False,False,False,False,True
1,1,1,-0.38087320867351465,0,0,2.0194685842347457,1,-0.5609748304808925,1,False,False,True,False,False,False,True,False,False,False,False,False,False,False
0,3,1,-2.012519860730642,3,2,0.1589851511011623,0,2.5396987052416584,0,False,True,True,False,False,False,False,False,False,False,False,False,False,True
1,3,0,-0.23254169485013945,0,0,1.544454217694947,0,-0.5609748304808925,1,False,True,False,True,False,False,False,False,False,False,False,False,False,True
1,3,1,-2.1052270568702514,2,1,-0.25970598650588167,0,1.299429290952638,0,False,False,True,False,False,False,False,False,False,False,False,False,False,True
1,1,0,1.3991049572069878,1,0,2.0194685842347457,1,0.059159876663617626,0,False,False,False,True,False,False,False,False,True,False,False,False,False,False
0,3,0,-0.7517019932319526,0,0,-0.8102201273647446,0,-0.5609748304808925,1,False,True,False,True,False,False,False,False,False,False,False,False,False,True
1,1,0,1.9924310125004887,0,0,0.5272058305755174,1,-0.5609748304808925,1,False,False,False,False,False,True,False,False,False,False,False,False,False,False
0,3,0,-0.23254169485013945,0,0,-0.8269741682808278,0,-0.5609748304808925,1,False,True,False,True,False,False,False,False,False,False,False,False,False,True
1,3,1,-0.45503896558520224,0,0,-0.8269741682808278,0,-0.5609748304808925,1,False,True,True,False,False,False,False,False,False,False,False,False,False,True
0,3,0,-0.23254169485013945,0,0,-0.8102201273647446,0,-0.5609748304808925,1,False,True,False,True,False,False,False,False,False,False,False,False,False,True
1,2,1,-0.8258677501436402,0,1,-0.0784202869809876,0,0.059159876663617626,0,False,True,True,False,False,False,False,False,False,False,False,False,False,True
0,3,0,-0.6033704794085775,0,0,-0.784178204309815,0,-0.5609748304808925,1,False,True,False,True,False,False,False,False,False,False,False,False,False,True
1,3,1,-0.8258677501436402,0,0,-0.8134469033190858,0,-0.5609748304808925,1,True,False,True,False,False,False,False,False,False,False,False,False,False,True
0,3,1,-0.8258677501436402,0,0,-0.8657342398044441,0,-0.5609748304808925,1,True,False,True,False,False,False,False,False,False,False,False,False,False,True
0,2,0,-0.38087320867351465,2,0,2.0194685842347457,0,0.6792945838081278,0,False,True,False,True,False,False,False,False,False,False,False,False,False,True
0,3,0,-0.23254169485013945,0,0,-0.8102201273647446,0,-0.5609748304808925,1,False,True,False,True,False,False,False,False,False,False,False,False,False,True
0,3,1,0.21245284661998617,1,1,-0.4417959575148906,0,0.6792945838081278,0,True,False,False,False,True,False,False,False,False,False,False,False,False,True
0,2,0,-0.45503896558520224,0,0,-0.5629211810261916,0,-0.5609748304808925,1,False,True,False,True,False,False,False,False,False,False,False,False,False,True
0,1,0,2.1407625263238637,0,2,2.0194685842347457,1,0.6792945838081278,0,False,False,False,True,False,False,False,False,True,False,False,False,False,False
1,1,0,1.547436471030363,2,0,2.0194685842347457,0,0.6792945838081278,0,False,True,False,False,False,True,False,False,False,False,False,False,False,True
0,3,0,0.805778901913487,0,0,-0.8427204473372969,0,-0.5609748304808925,1,False,False,False,True,False,False,False,False,False,False,False,False,False,True
0,1,0,1.3249392002953002,0,0,0.04694431935320887,1,-0.5609748304808925,1,False,True,False,True,False,False,False,False,False,True,False,False,False,False
0,3,0,0.5091158742667365,0,0,-0.8296001631265528,0,-0.5609748304808925,1,False,True,False,True,False,False,False,False,False,False,False,False,False,True
1,3,0,-0.677536236320265,1,0,-0.8088053847541327,0,0.059159876663617626,0,False,True,False,True,False,False,False,False,False,False,False,False,False,True
0,2,0,0.21245284661998617,2,0,2.0194685842347457,0,0.6792945838081278,0,False,True,False,True,False,False,False,False,False,False,False,False,False,True
0,2,0,-0.30670745176182707,0,0,-0.5629211810261916,0,-0.5609748304808925,1,False,True,False,True,False,False,False,False,False,False,False,False,False,True
0,3,0,-0.23254169485013945,0,0,-0.8160728981648108,0,-0.5609748304808925,1,False,True,False,True,False,False,False,False,False,False,False,False,False,True
0,3,0,1.0282761726485499,0,0,-0.8027491235785675,0,-0.5609748304808925,1,False,True,False,True,False,False,False,False,False,False,False,False,False,True
1,1,1,0.805778901913487,1,0,1.3266323057501042,1,0.059159876663617626,0,False,True,False,False,True,False,False,True,False,False,False,False,False,False
1,2,1,0.805778901913487,1,1,0.6967811434913388,0,0.6792945838081278,0,False,True,False,False,True,False,False,False,False,False,False,False,False,True
0,1,0,0.13828708970829856,1,0,1.3266323057501042,1,0.059159876663617626,0,False,True,False,True,False,False,True,False,False,False,False,False,False,False
0,2,0,3.0307516092641147,0,0,-0.6840464045374927,0,-0.5609748304808925,1,False,True,False,True,False,False,False,False,False,False,False,False,False,True
1,2,0,0.13828708970829856,0,0,-0.5629211810261916,0,-0.5609748304808925,1,False,True,False,True,False,False,False,False,False,False,False,False,False,True
0,2,0,0.13828708970829856,0,0,-0.4649114951697873,0,-0.5609748304808925,1,False,True,False,True,False,False,False,False,False,False,False,False,False,True
0,3,0,-0.8258677501436402,0,0,-0.8160728981648108,0,-0.5609748304808925,1,False,True,False,True,False,False,False,False,False,False,False,False,False,True
0,3,0,-0.34379033021767086,0,0,-0.8027491235785675,0,-0.5609748304808925,1,False,True,False,True,False,False,False,False,False,False,False,False,False,True
1,3,1,-0.8258677501436402,0,0,-0.7159410983924884,0,-0.5609748304808925,1,False,True,True,False,False,False,False,False,False,False,False,False,False,True
0,3,1,1.0282761726485499,1,6,1.07953684978705,0,3.779968119530679,0,False,True,False,False,True,False,False,False,False,False,False,False,False,True
1,1,0,0.5091158742667365,0,1,2.0194685842347457,1,0.059159876663617626,0,False,False,False,True,False,False,True,False,False,False,False,False,False,False
0,3,1,-0.8258677501436402,0,0,-0.7985097407556722,0,-0.5609748304808925,1,True,False,True,False,False,False,False,False,False,False,False,False,False,True
1,1,0,-0.15837593793845184,0,0,2.0194685842347457,1,-0.5609748304808925,1,False,False,False,True,False,False,False,False,True,False,False,False,False,False
0,3,0,-0.677536236320265,0,0,-0.7458202685282561,0,-0.5609748304808925,1,False,True,False,True,False,False,False,False,False,False,False,False,False,True
0,3,0,-1.1225307777903908,5,2,1.07953684978705,0,3.779968119530679,0,False,True,False,True,False,False,False,False,False,False,False,False,False,True
0,2,0,2.2890940401472393,1,1,0.6967811434913388,0,0.6792945838081278,0,False,True,False,True,False,False,False,False,False,False,False,False,False,True
0,2,0,-0.30670745176182707,1,2,0.8217436140834778,0,1.299429290952638,0,False,False,False,True,False,False,False,False,False,False,False,False,False,True
0,3,0,-1.1225307777903908,4,1,0.7300905799569466,0,2.5396987052416584,0,False,True,False,True,False,False,False,False,False,False,False,False,False,True
0,3,0,-0.7517019932319526,0,0,-0.6999961739694608,0,-0.5609748304808925,1,False,True,False,True,False,False,False,False,False,False,False,False,False,True
0,3,0,-0.8258677501436402,0,0,-0.8150651363051967,0,-0.5609748304808925,1,False,True,False,True,False,False,False,False,False,False,False,False,False,True
1,1,1,-1.048365020878703,0,1,2.0194685842347457,1,0.059159876663617626,0,False,True,True,False,False,False,True,False,False,False,False,False,False,False
1,1,0,0.13828708970829856,1,0,1.568882752772706,1,0.059159876663617626,0,False,True,False,True,False,False,True,False,False,False,False,False,False,False
1,3,1,-1.8641883469072666,0,1,-0.542732028771328,0,0.059159876663617626,0,False,False,True,False,False,False,False,False,False,False,False,False,False,True
1,3,0,-0.23254169485013945,0,0,1.544454217694947,0,-0.5609748304808925,1,False,True,False,True,False,False,False,False,False,False,False,False,False,True
0,3,0,-0.30670745176182707,0,0,-0.8427204473372969,0,-0.5609748304808925,1,False,False,False,True,False,False,False,False,False,False,False,False,False,True
0,1,0,2.2890940401472393,0,0,0.09357753040505987,0,-0.5609748304808925,1,False,True,False,False,False,True,False,False,False,False,False,False,False,True
0,2,0,1.6957679848537381,0,0,-0.5386961363239314,0,-0.5609748304808925,1,False,True,False,True,False,False,False,False,False,False,False,False,False,True
0,3,0,1.1024419295602375,0,0,-0.8027491235785675,0,-0.5609748304808925,1,False,True,False,True,False,False,False,False,False,False,False,False,False,True
1,3,1,-0.8258677501436402,0,0,-0.8180932668929792,0,-0.5609748304808925,1,True,False,True,False,False,False,False,False,False,False,False,False,False,True
0,1,0,1.4732707141186754,1,1,2.0194685842347457,1,0.6792945838081278,0,False,False,False,True,False,False,False,True,False,False,False,False,False,False
0,3,0,0.9541104157368622,0,0,-0.8221291593403759,1,-0.5609748304808925,1,False,True,False,True,False,False,False,False,False,False,True,False,False,False
1,1,1,-0.8258677501436402,1,0,2.0194685842347457,1,0.059159876663617626,0,False,False,False,False,True,False,False,True,False,False,False,False,False,False
1,1,0,0.43495011735504896,0,0,0.08085938193637329,1,-0.5609748304808925,1,False,True,False,True,False,False,False,False,False,True,False,False,False,False
0,3,1,-0.8258677501436402,0,1,-0.49246506101413806,0,0.059159876663617626,0,False,False,True,False,False,False,False,False,False,False,False,False,False,True
0,3,0,-0.30670745176182707,0,0,-0.8176862861419811,0,-0.5609748304808925,1,True,False,False,True,False,False,False,False,False,False,False,False,False,True
0,3,0,-0.23254169485013945,1,0,-0.8122356510839728,0,0.059159876663617626,0,False,True,False,True,False,False,False,False,False,False,False,False,False,True
0,2,0,0.7316131450017994,0,0,0.06692998123257361,0,-0.5609748304808925,1,False,True,False,True,False,False,False,False,False,False,False,False,False,True
1,2,1,1.176607686471925,0,0,-0.5386961363239314,0,-0.5609748304808925,1,False,True,False,False,True,False,False,False,False,False,False,False,False,True
1,1,0,0.9541104157368622,0,0,0.08085938193637329,1,-0.5609748304808925,1,False,True,False,True,False,False,False,False,False,True,False,False,False,False
1,1,1,-0.5292047224968899,0,0,2.0194685842347457,0,-0.5609748304808925,1,False,True,True,False,False,False,False,False,False,False,False,False,False,True
1,3,0,-1.8641883469072666,1,1,-0.4541119702415197,0,0.6792945838081278,0,False,False,False,False,False,False,False,False,False,False,False,False,False,True
1,1,1,-0.38087320867351465,0,0,1.2057105726143018,1,-0.5609748304808925,1,False,False,True,False,False,False,False,True,False,False,False,False,False,False
0,1,0,0.805778901913487,0,0,0.09357753040505987,1,-0.5609748304808925,1,False,True,False,True,False,False,False,True,False,False,False,False,False,False
1,1,0,1.3991049572069878,1,0,1.3266323057501042,1,0.059159876663617626,0,False,True,False,True,False,False,False,True,False,False,False,False,False,False
0,3,0,-0.010044424115076634,0,0,-0.7333056104350685,0,-0.5609748304808925,1,False,True,False,True,False,False,False,False,False,False,False,False,False,True
0,2,0,1.6957679848537381,0,0,-0.5629211810261916,0,-0.5609748304808925,1,False,True,False,True,False,False,False,False,False,False,False,False,False,True
0,3,0,-0.7517019932319526,0,0,-0.8221291593403759,1,-0.5609748304808925,1,False,True,False,True,False,False,False,False,False,False,True,False,False,False
1,1,1,0.6574473880901118,0,0,2.0194685842347457,1,-0.5609748304808925,1,False,False,True,False,False,False,False,True,False,False,False,False,False,False
1,2,1,-0.15837593793845184,0,0,-0.6840464045374927,1,-0.5609748304808925,1,False,True,True,False,False,False,False,False,False,True,False,False,False,False
0,3,0,-0.23254169485013945,0,0,-0.4417959575148906,0,-0.5609748304808925,1,True,False,False,True,False,False,False,False,False,False,False,False,False,True
0,3,0,0.2866186035316738,0,0,-0.8160728981648108,0,-0.5609748304808925,1,False,True,False,True,False,False,False,False,False,False,False,False,False,True
1,2,1,-1.7158568330838915,0,1,0.40608060706421645,0,0.059159876663617626,0,False,True,True,False,False,False,False,False,False,False,False,False,False,True
0,3,0,-0.9000335070553279,1,0,-0.8509957226075889,0,0.059159876663617626,0,False,True,False,True,False,False,False,False,False,False,False,False,False,True
0,2,0,0.3607843604433614,0,0,-0.5629211810261916,0,-0.5609748304808925,1,False,True,False,True,False,False,False,False,False,False,False,False,False,True
0,2,0,1.547436471030363,0,0,-0.5629211810261916,0,-0.5609748304808925,1,False,True,False,True,False,False,False,False,False,False,False,False,False,True
1,1,0,-0.15837593793845184,1,0,1.3799274040950766,1,0.059159876663617626,0,False,True,False,True,False,False,False,False,False,True,False,False,False,False
0,3,0,-0.677536236320265,0,0,-0.7730734438182989,0,-0.5609748304808925,1,False,True,False,True,False,False,False,False,False,False,False,False,False,True
1,2,1,0.06412133279661097,3,0,-0.1753204657900284,0,1.299429290952638,0,False,True,False,False,True,False,False,False,False,False,False,False,False,True
1,3,1,-0.8258677501436402,0,0,-0.8178897765174802,0,-0.5609748304808925,1,True,False,True,False,False,False,False,False,False,False,False,False,False,True
0,2,0,-0.30670745176182707,1,0,0.06692998123257361,0,0.059159876663617626,0,False,True,False,True,False,False,False,False,False,False,False,False,False,True
0,3,1,-0.30670745176182707,1,0,-0.8088053847541327,0,0.059159876663617626,0,False,True,True,False,False,False,False,False,False,False,False,False,False,True
1,1,1,-0.010044424115076634,0,0,2.0194685842347457,1,-0.5609748304808925,1,False,True,True,False,False,False,True,False,False,False,False,False,False,False
0,3,0,-1.3450280485254535,0,0,-0.2825162885975297,0,-0.5609748304808925,1,False,False,False,True,False,False,False,False,False,False,False,False,False,True
0,2,0,0.13828708970829856,0,0,-0.4649114951697873,0,-0.5609748304808925,1,False,True,False,True,False,False,False,False,False,False,False,False,False,True
0,2,0,-0.45503896558520224,0,0,-0.5629211810261916,0,-0.5609748304808925,1,False,True,False,True,False,False,False,False,False,False,False,False,False,True
0,2,0,-0.45503896558520224,0,0,-0.5629211810261916,0,-0.5609748304808925,1,False,True,False,True,False,False,False,False,False,False,False,False,False,True
0,3,0,-0.04712730257092044,0,0,-0.4127259038721783,0,-0.5609748304808925,1,False,True,False,True,False,False,False,False,False,False,False,False,False,True
0,3,1,1.3991049572069878,1,3,0.472699479995432,0,1.9195639980971482,0,False,True,False,False,True,False,False,False,False,False,False,False,False,True
1,1,0,0.43495011735504896,0,0,2.0194685842347457,1,-0.5609748304808925,1,False,False,False,True,False,False,True,False,False,False,False,False,False,False
0,3,0,-0.23254169485013945,0,0,-0.8102201273647446,0,-0.5609748304808925,1,False,True,False,True,False,False,False,False,False,False,False,False,False,True
0,3,0,-0.23254169485013945,0,0,-0.8102201273647446,0,-0.5609748304808925,1,False,True,False,True,False,False,False,False,False,False,False,False,False,True
1,1,0,0.805778901913487,0,0,0.2607303388506552,1,-0.5609748304808925,1,False,True,False,True,False,False,False,False,True,False,False,False,False,False
0,1,0,0.5091158742667365,1,0,2.0194685842347457,1,0.059159876663617626,0,False,True,False,True,False,False,False,True,False,False,False,False,False,False
1,1,1,-0.6033704794085775,2,2,2.0194685842347457,1,1.9195639980971482,0,False,False,True,False,False,False,True,False,False,False,False,False,False,False
0,3,0,-0.38087320867351465,1,0,-0.4127259038721783,0,0.059159876663617626,0,False,True,False,True,False,False,False,False,False,False,False,False,False,True
1,3,0,0.13828708970829856,0,0,-0.8088053847541327,0,-0.5609748304808925,1,False,True,False,True,False,False,False,False,False,False,False,False,False,True
0,1,0,3.0307516092641147,1,1,2.0194685842347457,1,0.6792945838081278,0,False,True,False,False,False,True,True,False,False,False,False,False,False,False
0,3,0,-0.9741992639670155,1,1,-0.2116580328434187,0,0.6792945838081278,0,False,True,False,True,False,False,False,False,False,False,False,False,False,True
1,2,1,0.06412133279661097,0,0,-0.5629211810261916,0,-0.5609748304808925,1,False,True,True,False,False,False,False,False,False,False,False,False,False,True
0,1,0,-0.7517019932319526,1,0,1.3799274040950766,1,0.059159876663617626,0,False,True,False,True,False,False,False,False,True,False,False,False,False,False
0,3,0,0.13828708970829856,0,0,-0.8172841503999237,0,-0.5609748304808925,1,True,False,False,True,False,False,False,False,False,False,False,False,False,True
1,2,1,-1.8641883469072666,1,1,-0.0784202869809876,0,0.6792945838081278,0,False,True,True,False,False,False,False,False,False,False,False,False,False,True
1,3,0,-1.7158568330838915,0,1,-0.5883574779635649,1,0.059159876663617626,0,False,True,False,False,False,False,False,False,False,True,False,False,False,False
0,3,0,0.2866186035316738,0,0,-0.732496493942013,0,-0.5609748304808925,1,False,True,False,True,False,False,False,False,False,False,False,False,False,True
0,3,0,-0.45503896558520224,0,0,-0.8102201273647446,0,-0.5609748304808925,1,False,True,False,True,False,False,False,False,False,False,False,False,False,True
1,2,1,1.3991049572069878,1,2,1.9564834680088692,0,1.299429290952638,0,False,True,False,False,True,False,False,False,False,False,False,False,False,True
1,2,0,-2.1111603174231863,1,1,-0.49024604691941104,0,0.6792945838081278,0,False,True,False,False,False,False,False,False,False,False,False,False,False,True
0,3,0,-0.08421018102676424,0,0,-0.8150651363051967,0,-0.5609748304808925,1,False,True,False,True,False,False,False,False,False,False,False,False,False,True
0,2,0,-0.8258677501436402,0,0,-0.6355963151329722,0,-0.5609748304808925,1,False,True,False,True,False,False,False,False,False,False,False,False,False,True
0,3,0,0.3607843604433614,0,0,-0.8027491235785675,0,-0.5609748304808925,1,False,True,False,True,False,False,False,False,False,False,False,False,False,True
1,1,1,0.2866186035316738,0,0,2.0194685842347457,1,-0.5609748304808925,1,False,True,False,False,False,True,True,False,False,False,False,False,False,False
0,3,0,-0.23254169485013945,0,0,-0.49024604691941104,0,-0.5609748304808925,1,False,True,False,True,False,False,False,False,False,False,False,False,False,True
0,3,0,0.8799446588251746,0,0,-0.8475654562777489,0,-0.5609748304808925,1,False,True,False,True,False,False,False,False,False,False,False,False,False,True
1,3,0,-0.677536236320265,0,0,-0.8425169569617981,0,-0.5609748304808925,1,False,False,False,True,False,False,False,False,False,False,False,False,False,True
1,1,1,0.5091158742667365,1,2,2.0194685842347457,1,1.299429290952638,0,False,True,False,False,True,False,True,False,False,False,False,False,False,False
0,3,0,-0.9741992639670155,0,0,-0.8160728981648108,0,-0.5609748304808925,1,False,True,False,True,False,False,False,False,False,False,False,False,False,True
1,1,1,1.6216022279420506,1,0,2.0194685842347457,1,0.059159876663617626,0,False,True,False,False,True,False,False,False,True,False,False,False,False,False
0,1,0,1.4361878356628317,0,0,0.7258511971340511,0,-0.5609748304808925,1,False,False,False,False,False,True,False,False,False,False,False,False,False,True
0,3,1,0.10120421125245477,0,0,-0.8172841503999237,0,-0.5609748304808925,1,True,False,True,False,False,False,False,False,False,False,False,False,False,True
0,3,0,-0.23254169485013945,1,0,-0.022702684165789206,0,0.059159876663617626,0,True,False,False,True,False,False,False,False,False,False,False,False,False,True
0,3,0,0.21245284661998617,0,0,-0.787608470639655,0,-0.5609748304808925,1,False,True,False,True,False,False,False,False,False,False,False,False,False,True
0,3,0,-0.38087320867351465,0,0,-0.732496493942013,0,-0.5609748304808925,1,False,True,False,True,False,False,False,False,False,False,False,False,False,True
0,3,0,1.3991049572069878,0,0,-0.8122356510839728,0,-0.5609748304808925,1,False,True,False,True,False,False,False,False,False,False,False,False,False,True
0,2,1,2.0665967694121763,0,0,-0.6840464045374927,1,-0.5609748304808925,1,False,True,False,False,True,False,False,False,False,True,False,False,False,False
0,3,0,-0.23254169485013945,0,0,-0.8427204473372969,0,-0.5609748304808925,1,False,False,False,True,False,False,False,False,False,False,False,False,False,True
1,2,1,1.8440994986771135,1,3,-0.0784202869809876,0,1.9195639980971482,0,False,True,False,False,True,False,False,False,False,False,False,False,False,True
0,3,0,-0.8258677501436402,0,0,-0.8172841503999237,0,-0.5609748304808925,1,False,True,False,True,False,False,False,False,False,False,False,False,False,True
0,3,0,-0.23254169485013945,0,0,-0.8172841503999237,1,-0.5609748304808925,1,True,False,False,True,False,False,False,False,False,False,True,False,False,False
1,3,1,-1.790022589995579,0,0,-0.5883574779635649,0,-0.5609748304808925,1,False,True,True,False,False,False,False,False,False,False,False,False,False,True
0,3,0,-0.23254169485013945,0,0,-0.8178897765174802,0,-0.5609748304808925,1,True,False,False,True,False,False,False,False,False,False,False,False,False,True
1,1,1,1.0282761726485499,0,1,2.0194685842347457,1,0.059159876663617626,0,False,True,False,False,True,False,True,False,False,False,False,False,False,False
1,3,1,-1.1966965347020784,0,0,-0.8425169569617981,0,-0.5609748304808925,1,False,False,True,False,False,False,False,False,False,False,False,False,False,True
1,1,1,-0.9000335070553279,1,0,1.568882752772706,1,0.059159876663617626,0,False,True,False,False,True,False,True,False,False,False,False,False,False,False
0,1,0,-0.010044424115076634,0,0,0.2607303388506552,1,-0.5609748304808925,1,False,True,False,True,False,False,False,False,True,False,False,False,False,False
0,3,0,-0.23254169485013945,1,2,-0.05661774674895345,0,1.299429290952638,0,False,True,False,True,False,False,False,False,False,False,False,False,False,True
0,3,0,-0.30670745176182707,0,0,-0.851199212983088,0,-0.5609748304808925,1,False,True,False,True,False,False,False,False,False,False,False,False,False,True
0,3,0,-0.30670745176182707,0,0,-0.8415091951021839,0,-0.5609748304808925,1,False,True,False,True,False,False,False,False,False,False,False,False,False,True
1,3,1,-0.8258677501436402,0,0,-0.8296001631265528,0,-0.5609748304808925,1,False,True,True,False,False,False,False,False,False,False,False,False,False,True
0,3,0,-1.5675253192605163,4,1,0.21833651062169987,0,2.5396987052416584,0,True,False,False,False,False,False,False,False,False,False,False,False,False,True
1,3,0,-2.0866856176423294,1,2,-0.1959117537869496,0,1.299429290952638,0,False,True,False,False,False,False,False,False,False,False,False,False,False,True
0,1,0,1.2507734433836126,0,0,2.0194685842347457,1,-0.5609748304808925,1,False,False,False,True,False,False,True,False,False,False,False,False,False,False
0,3,0,-0.23254169485013945,0,0,-0.8172841503999237,0,-0.5609748304808925,1,True,False,False,True,False,False,False,False,False,False,False,False,False,True
0,2,0,-0.9741992639670155,0,0,0.06692998123257361,0,-0.5609748304808925,1,False,True,False,True,False,False,False,False,False,False,False,False,False,True
0,3,1,-0.8258677501436402,8,2,2.0194685842347457,0,5.64037224096421,0,False,True,True,False,False,False,False,False,False,False,False,False,False,True
0,1,0,0.805778901913487,0,0,0.29444191105832046,0,-0.5609748304808925,1,False,False,False,True,False,False,False,False,False,False,False,False,False,True
0,3,0,-0.30670745176182707,0,0,-0.8102201273647446,0,-0.5609748304808925,1,False,True,False,True,False,False,False,False,False,False,False,False,False,True
0,2,0,0.7316131450017994,0,0,-0.5629211810261916,0,-0.5609748304808925,1,False,True,False,True,False,False,False,False,False,False,False,False,False,True
1,1,1,1.4732707141186754,0,0,0.06349971490273364,1,-0.5609748304808925,1,False,True,False,False,False,True,False,False,True,False,False,False,False,False
1,3,1,0.13828708970829856,0,0,-0.7720656819586849,0,-0.5609748304808925,1,False,True,False,False,True,False,False,False,False,False,False,False,False,True
0,3,0,0.06412133279661097,0,0,-0.8425169569617981,0,-0.5609748304808925,1,False,False,False,True,False,False,False,False,False,False,False,False,False,True
0,3,1,0.06412133279661097,1,1,-0.022702684165789206,0,0.6792945838081278,0,False,True,False,False,True,False,False,False,False,False,False,False,False,True
0,2,0,0.3607843604433614,0,0,-0.5629211810261916,0,-0.5609748304808925,1,False,True,False,True,False,False,False,False,False,False,False,False,False,True
1,2,1,0.13828708970829856,1,1,0.07904250358370371,0,0.6792945838081278,0,False,True,False,False,True,False,False,False,False,False,False,False,False,True
1,1,0,-1.3450280485254535,1,2,2.0194685842347457,1,1.299429290952638,0,False,True,False,False,False,False,True,False,False,False,False,False,False,False
1,3,0,-2.1297017566511083,0,1,-0.780137466853478,0,0.059159876663617626,0,False,False,False,False,False,False,False,False,False,False,False,False,False,True
1,3,0,-0.15837593793845184,0,0,-0.8548329696884269,0,-0.5609748304808925,1,False,True,False,True,False,False,False,False,False,False,False,False,False,True
0,3,0,0.13828708970829856,0,0,-0.8160728981648108,0,-0.5609748304808925,1,False,True,False,True,False,False,False,False,False,False,False,False,False,True
0,1,0,0.7316131450017994,0,0,1.810125437935694,1,-0.5609748304808925,1,False,True,False,True,False,False,False,False,False,False,False,False,False,False
0,3,1,-0.8258677501436402,0,0,-0.8160728981648108,0,-0.5609748304808925,1,False,True,True,False,False,False,False,False,False,False,False,False,False,True
0,2,0,0.7316131450017994,0,0,-0.5629211810261916,0,-0.5609748304808925,1,False,True,False,True,False,False,False,False,False,False,False,False,False,True
1,1,1,0.2866186035316738,1,0,1.3799274040950766,1,0.059159876663617626,0,False,True,False,False,True,False,False,False,False,True,False,False,False,False
0,3,0,-0.23254169485013945,0,0,-0.8106222631068022,0,-0.5609748304808925,1,False,True,False,True,False,False,False,False,False,False,False,False,False,True
0,3,0,0.7316131450017994,0,0,-0.022702684165789206,0,-0.5609748304808925,1,False,True,False,True,False,False,False,False,False,False,False,False,False,True
0,2,0,0.43495011735504896,0,0,-0.6840464045374927,0,-0.5609748304808925,1,False,True,False,True,False,False,False,False,False,False,False,False,False,True
0,3,1,-1.7158568330838915,4,2,0.3225042028414187,0,3.1598334123861687,0,False,True,True,False,False,False,False,False,False,False,False,False,False,True
0,3,0,0.10120421125245477,0,0,-0.8027491235785675,0,-0.5609748304808925,1,False,True,False,True,False,False,False,False,False,False,False,False,False,True
0,1,0,0.805778901913487,0,0,1.810125437935694,1,-0.5609748304808925,1,False,True,False,True,False,False,True,False,False,False,False,False,False,False
0,3,1,-0.45503896558520224,0,0,-0.8088053847541327,0,-0.5609748304808925,1,False,True,True,False,False,False,False,False,False,False,False,False,False,True
0,2,0,0.13828708970829856,1,1,0.6000844550577968,0,0.6792945838081278,0,False,False,False,True,False,False,False,False,False,False,False,False,False,True
0,3,0,1.0282761726485499,0,0,-0.8802692666258003,0,-0.5609748304808925,1,False,True,False,True,False,False,False,False,False,False,False,False,False,True
0,3,0,-1.4191938054371411,3,2,0.1589851511011623,0,2.5396987052416584,0,False,True,False,False,False,False,False,False,False,False,False,False,False,True
1,1,1,1.6957679848537381,1,1,2.0194685842347457,1,0.6792945838081278,0,False,True,False,False,True,False,True,False,False,False,False,False,False,False
1,3,0,-0.15837593793845184,0,0,-0.7730734438182989,0,-0.5609748304808925,1,False,True,False,True,False,False,False,False,False,False,False,False,False,True
0,1,0,0.6574473880901118,0,0,1.810125437935694,0,-0.5609748304808925,1,False,True,False,False,False,True,False,False,False,False,False,False,False,True
1,3,1,-0.15837593793845184,0,1,-0.5883574779635649,1,0.059159876663617626,0,False,True,False,False,True,False,False,False,False,True,False,False,False,False
0,3,0,-2.012519860730642,4,1,0.7300905799569466,0,2.5396987052416584,0,False,True,False,False,False,False,False,False,False,False,False,False,False,True
0,3,0,-0.23254169485013945,0,0,-0.8560442219235401,0,-0.5609748304808925,1,True,False,False,True,False,False,False,False,False,False,False,False,False,True
0,3,0,-0.23254169485013945,0,0,1.544454217694947,0,-0.5609748304808925,1,False,True,False,True,False,False,False,False,False,False,False,False,False,True
1,2,0,-2.0866856176423294,0,2,0.6000844550577968,0,0.6792945838081278,0,False,False,False,False,False,False,False,False,False,False,False,False,False,True
1,3,0,-0.23254169485013945,0,0,-0.8172841503999237,0,-0.5609748304808925,1,True,False,False,True,False,False,False,False,False,False,False,False,False,True
1,1,1,2.437425553970614,0,0,2.0194685842347457,1,-0.5609748304808925,1,False,True,False,False,True,False,True,False,False,False,False,False,False,False
1,3,1,-1.048365020878703,1,0,-0.49246506101413806,0,0.059159876663617626,0,False,False,False,False,True,False,False,False,False,False,False,False,False,True
1,2,0,-2.0992937963173164,1,1,-0.28433316695019933,0,0.6792945838081278,0,False,True,False,False,False,False,False,False,False,False,False,False,False,True
0,3,0,-0.23254169485013945,0,0,-0.8425169569617981,0,-0.5609748304808925,1,False,False,False,True,False,False,False,False,False,False,False,False,False,True
0,3,0,-0.45503896558520224,0,0,-0.8122356510839728,0,-0.5609748304808925,1,False,True,False,True,False,False,False,False,False,False,False,False,False,True
0,3,0,-0.8258677501436402,0,0,-0.7906366012274375,0,-0.5609748304808925,1,False,True,False,True,False,False,False,False,False,False,False,False,False,True
1,1,1,0.7316131450017994,1,1,2.0194685842347457,1,0.6792945838081278,0,False,False,True,False,False,False,False,False,False,True,False,False,False,False
0,3,0,-0.6033704794085775,0,0,-0.7730734438182989,0,-0.5609748304808925,1,False,True,False,True,False,False,False,False,False,False,False,False,False,True
0,3,0,-0.23254169485013945,0,0,-0.8027491235785675,0,-0.5609748304808925,1,False,True,False,True,False,False,False,False,False,False,False,False,False,True
1,3,0,0.21245284661998617,0,0,1.544454217694947,0,-0.5609748304808925,1,False,True,False,True,False,False,False,False,False,False,False,False,False,True
1,1,0,0.805778901913487,0,0,0.24619531202929906,1,-0.5609748304808925,1,False,False,False,True,False,False,False,True,False,False,False,False,False,False
0,3,0,-0.677536236320265,0,0,-0.8088053847541327,0,-0.5609748304808925,1,False,True,False,True,False,False,False,False,False,False,False,False,False,True
0,2,0,-0.9741992639670155,0,0,-0.6840464045374927,0,-0.5609748304808925,1,False,True,False,True,False,False,False,False,False,False,False,False,False,True
1,1,1,0.06412133279661097,0,0,0.3091804282551756,0,-0.5609748304808925,1,False,False,True,False,False,False,False,False,False,False,False,False,False,True
0,3,0,0.39786723889920517,0,0,-0.8808748927433567,0,-0.5609748304808925,1,False,False,False,True,False,False,False,False,False,False,False,False,False,True
0,3,0,-0.9000335070553279,0,0,-0.7730734438182989,0,-0.5609748304808925,1,False,True,False,True,False,False,False,False,False,False,False,False,False,True
0,3,0,0.9541104157368622,0,0,-0.8269741682808278,0,-0.5609748304808925,1,False,True,False,True,False,False,False,False,False,False,False,False,False,True
0,3,0,-0.23254169485013945,8,2,2.0194685842347457,0,5.64037224096421,0,False,True,False,True,False,False,False,False,False,False,False,False,False,True
0,3,0,0.43495011735504896,0,0,-0.8102201273647446,0,-0.5609748304808925,1,False,False,False,True,False,False,False,False,False,False,False,False,False,True
0,2,0,-0.08421018102676424,0,1,0.40608060706421645,0,0.059159876663617626,0,False,True,False,False,False,True,False,False,False,False,False,False,False,True
1,1,1,0.805778901913487,1,0,2.0194685842347457,1,0.059159876663617626,0,False,False,False,False,True,False,False,True,False,False,False,False,False,False
0,3,0,-1.8641883469072666,4,2,0.3225042028414187,0,3.1598334123861687,0,False,True,False,False,False,False,False,False,False,False,False,False,False,True
0,3,0,3.327414636910865,0,0,-0.8160728981648108,0,-0.5609748304808925,1,False,True,False,True,False,False,False,False,False,False,False,False,False,True
0,3,1,-1.4933595623488287,1,1,-0.4541119702415197,0,0.6792945838081278,0,False,False,True,False,False,False,False,False,False,False,False,False,False,True
1,1,1,-0.9741992639670155,0,1,0.7161611792531469,1,0.059159876663617626,0,False,True,True,False,False,False,False,False,True,False,False,False,False,False
0,2,1,1.1024419295602375,1,0,0.06692998123257361,0,0.059159876663617626,0,False,True,False,False,True,False,False,False,False,False,False,False,False,True
1,3,1,-0.8258677501436402,0,1,-0.7397640073526911,0,0.059159876663617626,0,False,True,False,False,True,False,False,False,False,False,False,False,False,True
1,1,1,1.176607686471925,1,1,2.0194685842347457,0,0.6792945838081278,0,False,True,False,False,True,False,False,False,False,False,False,False,False,True
1,1,0,1.6216022279420506,0,0,0.09357753040505987,1,-0.5609748304808925,1,False,True,False,True,False,False,False,False,False,True,False,False,False,False
1,3,1,-0.38087320867351465,0,3,-0.25970598650588167,0,1.299429290952638,0,False,False,False,False,True,False,False,False,False,False,False,False,False,True
0,3,0,-0.23254169485013945,0,0,-0.8425169569617981,0,-0.5609748304808925,1,False,False,False,True,False,False,False,False,False,False,False,False,False,True
0,3,0,0.8799446588251746,2,0,-0.5092239469391616,0,0.6792945838081278,0,False,True,False,True,False,False,False,False,False,False,False,False,False,True
0,2,0,-0.6033704794085775,1,0,-0.6355963151329722,0,0.059159876663617626,0,False,True,False,True,False,False,False,False,False,False,False,False,False,True
1,1,1,1.3991049572069878,0,0,0.06349971490273364,1,-0.5609748304808925,1,False,True,False,False,True,False,False,False,True,False,False,False,False,False
0,3,1,-0.8258677501436402,8,2,2.0194685842347457,0,5.64037224096421,0,False,True,True,False,False,False,False,False,False,False,False,False,False,True
0,2,0,-0.38087320867351465,0,0,-0.5629211810261916,0,-0.5609748304808925,1,False,True,False,True,False,False,False,False,False,False,False,False,False,True
1,2,1,0.9541104157368622,0,0,-0.5629211810261916,0,-0.5609748304808925,1,False,True,False,False,True,False,False,False,False,False,False,False,False,True
1,2,1,-0.15837593793845184,1,0,-0.5213364692902918,0,0.059159876663617626,0,False,False,True,False,False,False,False,False,False,False,False,False,False,True
0,1,0,0.13828708970829856,0,0,1.2537536812678245,1,-0.5609748304808925,1,False,True,False,True,False,False,False,False,False,False,False,False,False,False
0,3,0,-0.23254169485013945,0,0,-0.732496493942013,0,-0.5609748304808925,1,False,True,False,True,False,False,False,False,False,False,False,False,False,True
1,3,0,-1.8641883469072666,1,1,-0.6533629629176099,0,0.6792945838081278,0,False,True,False,False,False,False,False,False,False,False,False,False,False,True
0,3,0,-0.23254169485013945,0,0,-0.8102201273647446,0,-0.5609748304808925,1,False,True,False,True,False,False,False,False,False,False,False,False,False,True
1,1,1,1.3249392002953002,1,1,1.3534833452980894,1,0.6792945838081278,0,False,True,False,False,True,False,False,False,True,False,False,False,False,False
0,1,0,0.2866186035316738,0,0,-0.9505218962623548,1,-0.5609748304808925,1,False,True,False,True,False,False,True,False,False,False,False,False,False,False
0,3,0,1.3249392002953002,0,0,-0.7567215386442733,0,-0.5609748304808925,1,False,True,False,True,False,False,False,False,False,False,False,False,False,True
1,2,1,-0.08421018102676424,1,0,-0.029970197576467197,0,0.059159876663617626,0,False,False,False,False,True,False,False,False,False,False,False,False,False,True
1,3,1,-1.048365020878703,0,0,-0.8427204473372969,0,-0.5609748304808925,1,False,False,True,False,False,False,False,False,False,False,False,False,False,True
0,3,0,-0.677536236320265,0,0,-0.7157424530259299,0,-0.5609748304808925,1,False,True,False,True,False,False,False,False,False,False,False,False,False,True
0,3,0,-0.7517019932319526,0,0,-0.8102201273647446,0,-0.5609748304808925,1,False,True,False,True,False,False,False,False,False,False,False,False,False,True
0,3,0,-0.23254169485013945,0,0,-0.8102201273647446,0,-0.5609748304808925,1,False,True,False,True,False,False,False,False,False,False,False,False,False,True
1,1,1,1.9924310125004887,0,1,2.0194685842347457,1,0.059159876663617626,0,False,False,False,False,True,False,False,True,False,False,False,False,False,False
1,2,1,-0.30670745176182707,0,1,0.06692998123257361,0,0.059159876663617626,0,False,True,False,False,True,False,False,False,False,False,False,False,False,True
0,3,0,0.2866186035316738,0,0,-0.8102201273647446,0,-0.5609748304808925,1,False,True,False,True,False,False,False,False,False,False,False,False,False,True
0,3,1,-0.5292047224968899,0,0,-0.6832372880444372,0,-0.5609748304808925,1,False,True,True,False,False,False,False,False,False,False,False,False,False,True
0,2,0,-0.08421018102676424,0,0,-0.6840464045374927,0,-0.5609748304808925,1,False,True,False,True,False,False,False,False,False,False,False,False,False,True
0,3,0,-0.30670745176182707,0,0,-0.851199212983088,0,-0.5609748304808925,1,False,True,False,True,False,False,False,False,False,False,False,False,False,True
0,3,1,0.7316131450017994,0,5,0.21833651062169987,0,2.5396987052416584,0,True,False,False,False,True,False,False,False,False,False,False,False,False,True
0,2,0,-0.15837593793845184,0,0,-0.5629211810261916,0,-0.5609748304808925,1,False,True,False,False,False,True,False,False,False,False,False,False,False,True
1,1,1,-0.7517019932319526,0,0,0.2607303388506552,1,-0.5609748304808925,1,False,True,True,False,False,False,True,False,False,False,False,False,False,False
0,3,1,-0.8258677501436402,1,2,-0.05661774674895345,0,1.299429290952638,0,False,True,True,False,False,False,False,False,False,False,False,False,False,True
1,1,0,-0.23254169485013945,0,0,0.2607303388506552,1,-0.5609748304808925,1,False,False,False,True,False,False,False,True,False,False,False,False,False,False
0,3,0,0.21245284661998617,0,0,-0.8172841503999237,0,-0.5609748304808925,1,True,False,False,True,False,False,False,False,False,False,False,False,False,True
